ISO-10303-21;
HEADER;
/* Generated by software containing ST-Developer
 * from STEP Tools, Inc. (www.steptools.com) 
 */
/* OPTION: using custom renumber hook */

FILE_DESCRIPTION(
/* description */ ('STEP AP242 Edition 2',
'CAx-IF Rec.Pracs.---Representation and Presentation of Product Manufa
cturing Information (PMI)---4.0---2014-10-13',
'CAx-IF Rec.Pracs.---3D Tessellated Geometry---0.4---2014-09-14','2;1',
'CAx-IF Rec.Pracs.---User Defined Attributes---1.5---2016-08-15'),
/* implementation_level */ '2;1');

FILE_NAME(
/* name */ 'Part Studio 3 - Part 1',
/* time_stamp */ '2026-09-20T07:45:19Z',
/* author */ (''),
/* organization */ (''),
/* preprocessor_version */ 'ST-DEVELOPER v20',
/* originating_system */ 'ONSHAPE BY PTC INC, 1.221',
/* authorisation */ '  ');

FILE_SCHEMA (('AP242_MANAGED_MODEL_BASED_3D_ENGINEERING_MIM_LF { 1 0 10303 442 3 1 4 }'));
ENDSEC;

DATA;
#10=SHAPE_REPRESENTATION_RELATIONSHIP('','',#3099,#11);
#11=ADVANCED_BREP_SHAPE_REPRESENTATION('',(#3097),#4809);
#12=ORIENTED_EDGE('',*,*,#852,.T.);
#13=ORIENTED_EDGE('',*,*,#853,.F.);
#14=ORIENTED_EDGE('',*,*,#854,.F.);
#15=ORIENTED_EDGE('',*,*,#855,.T.);
#16=ORIENTED_EDGE('',*,*,#856,.F.);
#17=ORIENTED_EDGE('',*,*,#857,.T.);
#18=ORIENTED_EDGE('',*,*,#858,.T.);
#19=ORIENTED_EDGE('',*,*,#859,.F.);
#20=ORIENTED_EDGE('',*,*,#860,.F.);
#21=ORIENTED_EDGE('',*,*,#861,.F.);
#22=ORIENTED_EDGE('',*,*,#862,.T.);
#23=ORIENTED_EDGE('',*,*,#863,.T.);
#24=ORIENTED_EDGE('',*,*,#864,.T.);
#25=ORIENTED_EDGE('',*,*,#865,.T.);
#26=ORIENTED_EDGE('',*,*,#866,.F.);
#27=ORIENTED_EDGE('',*,*,#867,.F.);
#28=ORIENTED_EDGE('',*,*,#868,.F.);
#29=ORIENTED_EDGE('',*,*,#869,.T.);
#30=ORIENTED_EDGE('',*,*,#870,.T.);
#31=ORIENTED_EDGE('',*,*,#871,.F.);
#32=ORIENTED_EDGE('',*,*,#872,.F.);
#33=ORIENTED_EDGE('',*,*,#873,.T.);
#34=ORIENTED_EDGE('',*,*,#874,.T.);
#35=ORIENTED_EDGE('',*,*,#875,.F.);
#36=ORIENTED_EDGE('',*,*,#876,.F.);
#37=ORIENTED_EDGE('',*,*,#877,.T.);
#38=ORIENTED_EDGE('',*,*,#878,.T.);
#39=ORIENTED_EDGE('',*,*,#879,.F.);
#40=ORIENTED_EDGE('',*,*,#880,.F.);
#41=ORIENTED_EDGE('',*,*,#881,.T.);
#42=ORIENTED_EDGE('',*,*,#882,.T.);
#43=ORIENTED_EDGE('',*,*,#883,.F.);
#44=ORIENTED_EDGE('',*,*,#884,.F.);
#45=ORIENTED_EDGE('',*,*,#885,.T.);
#46=ORIENTED_EDGE('',*,*,#886,.T.);
#47=ORIENTED_EDGE('',*,*,#887,.F.);
#48=ORIENTED_EDGE('',*,*,#888,.F.);
#49=ORIENTED_EDGE('',*,*,#889,.T.);
#50=ORIENTED_EDGE('',*,*,#890,.T.);
#51=ORIENTED_EDGE('',*,*,#891,.F.);
#52=ORIENTED_EDGE('',*,*,#892,.F.);
#53=ORIENTED_EDGE('',*,*,#893,.T.);
#54=ORIENTED_EDGE('',*,*,#894,.T.);
#55=ORIENTED_EDGE('',*,*,#895,.F.);
#56=ORIENTED_EDGE('',*,*,#896,.F.);
#57=ORIENTED_EDGE('',*,*,#897,.F.);
#58=ORIENTED_EDGE('',*,*,#898,.T.);
#59=ORIENTED_EDGE('',*,*,#899,.T.);
#60=ORIENTED_EDGE('',*,*,#900,.F.);
#61=ORIENTED_EDGE('',*,*,#901,.T.);
#62=ORIENTED_EDGE('',*,*,#902,.T.);
#63=ORIENTED_EDGE('',*,*,#903,.F.);
#64=ORIENTED_EDGE('',*,*,#904,.F.);
#65=ORIENTED_EDGE('',*,*,#905,.T.);
#66=ORIENTED_EDGE('',*,*,#906,.T.);
#67=ORIENTED_EDGE('',*,*,#907,.F.);
#68=ORIENTED_EDGE('',*,*,#908,.F.);
#69=ORIENTED_EDGE('',*,*,#909,.T.);
#70=ORIENTED_EDGE('',*,*,#910,.T.);
#71=ORIENTED_EDGE('',*,*,#911,.F.);
#72=ORIENTED_EDGE('',*,*,#912,.T.);
#73=ORIENTED_EDGE('',*,*,#866,.T.);
#74=ORIENTED_EDGE('',*,*,#913,.F.);
#75=ORIENTED_EDGE('',*,*,#914,.T.);
#76=ORIENTED_EDGE('',*,*,#915,.T.);
#77=ORIENTED_EDGE('',*,*,#916,.T.);
#78=ORIENTED_EDGE('',*,*,#917,.F.);
#79=ORIENTED_EDGE('',*,*,#918,.T.);
#80=ORIENTED_EDGE('',*,*,#919,.T.);
#81=ORIENTED_EDGE('',*,*,#920,.T.);
#82=ORIENTED_EDGE('',*,*,#921,.F.);
#83=ORIENTED_EDGE('',*,*,#922,.T.);
#84=ORIENTED_EDGE('',*,*,#923,.T.);
#85=ORIENTED_EDGE('',*,*,#924,.T.);
#86=ORIENTED_EDGE('',*,*,#925,.F.);
#87=ORIENTED_EDGE('',*,*,#926,.T.);
#88=ORIENTED_EDGE('',*,*,#927,.T.);
#89=ORIENTED_EDGE('',*,*,#853,.T.);
#90=ORIENTED_EDGE('',*,*,#928,.F.);
#91=ORIENTED_EDGE('',*,*,#929,.T.);
#92=ORIENTED_EDGE('',*,*,#930,.F.);
#93=ORIENTED_EDGE('',*,*,#931,.T.);
#94=ORIENTED_EDGE('',*,*,#932,.T.);
#95=ORIENTED_EDGE('',*,*,#933,.F.);
#96=ORIENTED_EDGE('',*,*,#934,.F.);
#97=ORIENTED_EDGE('',*,*,#935,.T.);
#98=ORIENTED_EDGE('',*,*,#936,.T.);
#99=ORIENTED_EDGE('',*,*,#937,.F.);
#100=ORIENTED_EDGE('',*,*,#938,.F.);
#101=ORIENTED_EDGE('',*,*,#939,.T.);
#102=ORIENTED_EDGE('',*,*,#940,.T.);
#103=ORIENTED_EDGE('',*,*,#941,.F.);
#104=ORIENTED_EDGE('',*,*,#942,.F.);
#105=ORIENTED_EDGE('',*,*,#943,.T.);
#106=ORIENTED_EDGE('',*,*,#944,.T.);
#107=ORIENTED_EDGE('',*,*,#945,.F.);
#108=ORIENTED_EDGE('',*,*,#946,.F.);
#109=ORIENTED_EDGE('',*,*,#947,.T.);
#110=ORIENTED_EDGE('',*,*,#948,.T.);
#111=ORIENTED_EDGE('',*,*,#949,.F.);
#112=ORIENTED_EDGE('',*,*,#950,.F.);
#113=ORIENTED_EDGE('',*,*,#951,.T.);
#114=ORIENTED_EDGE('',*,*,#952,.T.);
#115=ORIENTED_EDGE('',*,*,#953,.F.);
#116=ORIENTED_EDGE('',*,*,#954,.F.);
#117=ORIENTED_EDGE('',*,*,#955,.T.);
#118=ORIENTED_EDGE('',*,*,#956,.T.);
#119=ORIENTED_EDGE('',*,*,#957,.F.);
#120=ORIENTED_EDGE('',*,*,#958,.F.);
#121=ORIENTED_EDGE('',*,*,#959,.T.);
#122=ORIENTED_EDGE('',*,*,#960,.T.);
#123=ORIENTED_EDGE('',*,*,#961,.F.);
#124=ORIENTED_EDGE('',*,*,#962,.F.);
#125=ORIENTED_EDGE('',*,*,#963,.F.);
#126=ORIENTED_EDGE('',*,*,#964,.T.);
#127=ORIENTED_EDGE('',*,*,#965,.T.);
#128=ORIENTED_EDGE('',*,*,#966,.F.);
#129=ORIENTED_EDGE('',*,*,#967,.F.);
#130=ORIENTED_EDGE('',*,*,#968,.T.);
#131=ORIENTED_EDGE('',*,*,#969,.T.);
#132=ORIENTED_EDGE('',*,*,#970,.F.);
#133=ORIENTED_EDGE('',*,*,#971,.F.);
#134=ORIENTED_EDGE('',*,*,#972,.T.);
#135=ORIENTED_EDGE('',*,*,#973,.T.);
#136=ORIENTED_EDGE('',*,*,#974,.F.);
#137=ORIENTED_EDGE('',*,*,#975,.T.);
#138=ORIENTED_EDGE('',*,*,#976,.T.);
#139=ORIENTED_EDGE('',*,*,#977,.F.);
#140=ORIENTED_EDGE('',*,*,#978,.F.);
#141=ORIENTED_EDGE('',*,*,#979,.T.);
#142=ORIENTED_EDGE('',*,*,#980,.T.);
#143=ORIENTED_EDGE('',*,*,#981,.F.);
#144=ORIENTED_EDGE('',*,*,#982,.F.);
#145=ORIENTED_EDGE('',*,*,#983,.T.);
#146=ORIENTED_EDGE('',*,*,#984,.T.);
#147=ORIENTED_EDGE('',*,*,#985,.F.);
#148=ORIENTED_EDGE('',*,*,#986,.F.);
#149=ORIENTED_EDGE('',*,*,#987,.T.);
#150=ORIENTED_EDGE('',*,*,#988,.T.);
#151=ORIENTED_EDGE('',*,*,#989,.F.);
#152=ORIENTED_EDGE('',*,*,#990,.F.);
#153=ORIENTED_EDGE('',*,*,#991,.T.);
#154=ORIENTED_EDGE('',*,*,#992,.T.);
#155=ORIENTED_EDGE('',*,*,#993,.F.);
#156=ORIENTED_EDGE('',*,*,#864,.F.);
#157=ORIENTED_EDGE('',*,*,#994,.F.);
#158=ORIENTED_EDGE('',*,*,#995,.F.);
#159=ORIENTED_EDGE('',*,*,#996,.T.);
#160=ORIENTED_EDGE('',*,*,#855,.F.);
#161=ORIENTED_EDGE('',*,*,#997,.F.);
#162=ORIENTED_EDGE('',*,*,#998,.F.);
#163=ORIENTED_EDGE('',*,*,#999,.T.);
#164=ORIENTED_EDGE('',*,*,#1000,.F.);
#165=ORIENTED_EDGE('',*,*,#1001,.F.);
#166=ORIENTED_EDGE('',*,*,#1002,.F.);
#167=ORIENTED_EDGE('',*,*,#1003,.T.);
#168=ORIENTED_EDGE('',*,*,#1004,.F.);
#169=ORIENTED_EDGE('',*,*,#1005,.F.);
#170=ORIENTED_EDGE('',*,*,#1006,.F.);
#171=ORIENTED_EDGE('',*,*,#1007,.T.);
#172=ORIENTED_EDGE('',*,*,#1008,.F.);
#173=ORIENTED_EDGE('',*,*,#1009,.F.);
#174=ORIENTED_EDGE('',*,*,#1010,.F.);
#175=ORIENTED_EDGE('',*,*,#1011,.T.);
#176=ORIENTED_EDGE('',*,*,#1012,.F.);
#177=ORIENTED_EDGE('',*,*,#1013,.T.);
#178=ORIENTED_EDGE('',*,*,#1014,.T.);
#179=ORIENTED_EDGE('',*,*,#1015,.F.);
#180=ORIENTED_EDGE('',*,*,#1016,.F.);
#181=ORIENTED_EDGE('',*,*,#1017,.T.);
#182=ORIENTED_EDGE('',*,*,#1018,.T.);
#183=ORIENTED_EDGE('',*,*,#1019,.F.);
#184=ORIENTED_EDGE('',*,*,#1020,.F.);
#185=ORIENTED_EDGE('',*,*,#1021,.T.);
#186=ORIENTED_EDGE('',*,*,#1022,.T.);
#187=ORIENTED_EDGE('',*,*,#1023,.F.);
#188=ORIENTED_EDGE('',*,*,#1024,.F.);
#189=ORIENTED_EDGE('',*,*,#1025,.T.);
#190=ORIENTED_EDGE('',*,*,#1026,.T.);
#191=ORIENTED_EDGE('',*,*,#1027,.F.);
#192=ORIENTED_EDGE('',*,*,#1028,.F.);
#193=ORIENTED_EDGE('',*,*,#1029,.T.);
#194=ORIENTED_EDGE('',*,*,#1030,.T.);
#195=ORIENTED_EDGE('',*,*,#1031,.F.);
#196=ORIENTED_EDGE('',*,*,#1032,.F.);
#197=ORIENTED_EDGE('',*,*,#1033,.T.);
#198=ORIENTED_EDGE('',*,*,#1034,.T.);
#199=ORIENTED_EDGE('',*,*,#1035,.F.);
#200=ORIENTED_EDGE('',*,*,#1036,.F.);
#201=ORIENTED_EDGE('',*,*,#1037,.T.);
#202=ORIENTED_EDGE('',*,*,#1038,.T.);
#203=ORIENTED_EDGE('',*,*,#1039,.F.);
#204=ORIENTED_EDGE('',*,*,#1040,.F.);
#205=ORIENTED_EDGE('',*,*,#1041,.T.);
#206=ORIENTED_EDGE('',*,*,#1042,.T.);
#207=ORIENTED_EDGE('',*,*,#1043,.F.);
#208=ORIENTED_EDGE('',*,*,#1044,.F.);
#209=ORIENTED_EDGE('',*,*,#1045,.T.);
#210=ORIENTED_EDGE('',*,*,#1046,.T.);
#211=ORIENTED_EDGE('',*,*,#1047,.F.);
#212=ORIENTED_EDGE('',*,*,#1048,.F.);
#213=ORIENTED_EDGE('',*,*,#1049,.T.);
#214=ORIENTED_EDGE('',*,*,#1050,.T.);
#215=ORIENTED_EDGE('',*,*,#1051,.F.);
#216=ORIENTED_EDGE('',*,*,#1052,.F.);
#217=ORIENTED_EDGE('',*,*,#1053,.T.);
#218=ORIENTED_EDGE('',*,*,#1054,.T.);
#219=ORIENTED_EDGE('',*,*,#1055,.F.);
#220=ORIENTED_EDGE('',*,*,#1056,.T.);
#221=ORIENTED_EDGE('',*,*,#1057,.T.);
#222=ORIENTED_EDGE('',*,*,#1058,.F.);
#223=ORIENTED_EDGE('',*,*,#1059,.F.);
#224=ORIENTED_EDGE('',*,*,#1060,.T.);
#225=ORIENTED_EDGE('',*,*,#1061,.T.);
#226=ORIENTED_EDGE('',*,*,#1062,.F.);
#227=ORIENTED_EDGE('',*,*,#1063,.F.);
#228=ORIENTED_EDGE('',*,*,#1064,.F.);
#229=ORIENTED_EDGE('',*,*,#1065,.T.);
#230=ORIENTED_EDGE('',*,*,#1066,.T.);
#231=ORIENTED_EDGE('',*,*,#1067,.F.);
#232=ORIENTED_EDGE('',*,*,#1068,.T.);
#233=ORIENTED_EDGE('',*,*,#1069,.T.);
#234=ORIENTED_EDGE('',*,*,#1070,.F.);
#235=ORIENTED_EDGE('',*,*,#1071,.F.);
#236=ORIENTED_EDGE('',*,*,#1072,.T.);
#237=ORIENTED_EDGE('',*,*,#1073,.T.);
#238=ORIENTED_EDGE('',*,*,#1074,.F.);
#239=ORIENTED_EDGE('',*,*,#1075,.F.);
#240=ORIENTED_EDGE('',*,*,#1076,.F.);
#241=ORIENTED_EDGE('',*,*,#1077,.T.);
#242=ORIENTED_EDGE('',*,*,#1078,.T.);
#243=ORIENTED_EDGE('',*,*,#1079,.F.);
#244=ORIENTED_EDGE('',*,*,#1080,.F.);
#245=ORIENTED_EDGE('',*,*,#1081,.T.);
#246=ORIENTED_EDGE('',*,*,#1082,.T.);
#247=ORIENTED_EDGE('',*,*,#1083,.F.);
#248=ORIENTED_EDGE('',*,*,#1084,.F.);
#249=ORIENTED_EDGE('',*,*,#1085,.T.);
#250=ORIENTED_EDGE('',*,*,#1086,.T.);
#251=ORIENTED_EDGE('',*,*,#1087,.F.);
#252=ORIENTED_EDGE('',*,*,#1088,.F.);
#253=ORIENTED_EDGE('',*,*,#1089,.T.);
#254=ORIENTED_EDGE('',*,*,#1090,.T.);
#255=ORIENTED_EDGE('',*,*,#1091,.F.);
#256=ORIENTED_EDGE('',*,*,#1092,.F.);
#257=ORIENTED_EDGE('',*,*,#1093,.T.);
#258=ORIENTED_EDGE('',*,*,#1094,.T.);
#259=ORIENTED_EDGE('',*,*,#1095,.F.);
#260=ORIENTED_EDGE('',*,*,#1096,.F.);
#261=ORIENTED_EDGE('',*,*,#1097,.T.);
#262=ORIENTED_EDGE('',*,*,#1098,.T.);
#263=ORIENTED_EDGE('',*,*,#1099,.F.);
#264=ORIENTED_EDGE('',*,*,#1100,.F.);
#265=ORIENTED_EDGE('',*,*,#1101,.T.);
#266=ORIENTED_EDGE('',*,*,#1102,.T.);
#267=ORIENTED_EDGE('',*,*,#1103,.F.);
#268=ORIENTED_EDGE('',*,*,#1104,.F.);
#269=ORIENTED_EDGE('',*,*,#1105,.T.);
#270=ORIENTED_EDGE('',*,*,#1106,.T.);
#271=ORIENTED_EDGE('',*,*,#1107,.F.);
#272=ORIENTED_EDGE('',*,*,#1108,.F.);
#273=ORIENTED_EDGE('',*,*,#1109,.T.);
#274=ORIENTED_EDGE('',*,*,#1110,.T.);
#275=ORIENTED_EDGE('',*,*,#1111,.F.);
#276=ORIENTED_EDGE('',*,*,#1112,.F.);
#277=ORIENTED_EDGE('',*,*,#1113,.T.);
#278=ORIENTED_EDGE('',*,*,#1114,.T.);
#279=ORIENTED_EDGE('',*,*,#1115,.F.);
#280=ORIENTED_EDGE('',*,*,#995,.T.);
#281=ORIENTED_EDGE('',*,*,#1116,.F.);
#282=ORIENTED_EDGE('',*,*,#929,.F.);
#283=ORIENTED_EDGE('',*,*,#1117,.T.);
#284=ORIENTED_EDGE('',*,*,#852,.F.);
#285=ORIENTED_EDGE('',*,*,#996,.F.);
#286=ORIENTED_EDGE('',*,*,#1117,.F.);
#287=ORIENTED_EDGE('',*,*,#928,.T.);
#288=ORIENTED_EDGE('',*,*,#994,.T.);
#289=ORIENTED_EDGE('',*,*,#867,.T.);
#290=ORIENTED_EDGE('',*,*,#912,.F.);
#291=ORIENTED_EDGE('',*,*,#1116,.T.);
#292=ORIENTED_EDGE('',*,*,#1118,.F.);
#293=ORIENTED_EDGE('',*,*,#1007,.F.);
#294=ORIENTED_EDGE('',*,*,#1119,.F.);
#295=ORIENTED_EDGE('',*,*,#917,.T.);
#296=ORIENTED_EDGE('',*,*,#1119,.T.);
#297=ORIENTED_EDGE('',*,*,#1006,.T.);
#298=ORIENTED_EDGE('',*,*,#1120,.F.);
#299=ORIENTED_EDGE('',*,*,#918,.F.);
#300=ORIENTED_EDGE('',*,*,#1005,.T.);
#301=ORIENTED_EDGE('',*,*,#1121,.T.);
#302=ORIENTED_EDGE('',*,*,#919,.F.);
#303=ORIENTED_EDGE('',*,*,#1120,.T.);
#304=ORIENTED_EDGE('',*,*,#938,.T.);
#305=ORIENTED_EDGE('',*,*,#1122,.T.);
#306=ORIENTED_EDGE('',*,*,#1013,.F.);
#307=ORIENTED_EDGE('',*,*,#1123,.F.);
#308=ORIENTED_EDGE('',*,*,#1123,.T.);
#309=ORIENTED_EDGE('',*,*,#1012,.T.);
#310=ORIENTED_EDGE('',*,*,#1124,.F.);
#311=ORIENTED_EDGE('',*,*,#939,.F.);
#312=ORIENTED_EDGE('',*,*,#1124,.T.);
#313=ORIENTED_EDGE('',*,*,#1015,.T.);
#314=ORIENTED_EDGE('',*,*,#1125,.F.);
#315=ORIENTED_EDGE('',*,*,#940,.F.);
#316=ORIENTED_EDGE('',*,*,#941,.T.);
#317=ORIENTED_EDGE('',*,*,#1125,.T.);
#318=ORIENTED_EDGE('',*,*,#1014,.F.);
#319=ORIENTED_EDGE('',*,*,#1122,.F.);
#320=ORIENTED_EDGE('',*,*,#942,.T.);
#321=ORIENTED_EDGE('',*,*,#1126,.T.);
#322=ORIENTED_EDGE('',*,*,#1017,.F.);
#323=ORIENTED_EDGE('',*,*,#1127,.F.);
#324=ORIENTED_EDGE('',*,*,#1127,.T.);
#325=ORIENTED_EDGE('',*,*,#1016,.T.);
#326=ORIENTED_EDGE('',*,*,#1128,.F.);
#327=ORIENTED_EDGE('',*,*,#943,.F.);
#328=ORIENTED_EDGE('',*,*,#1128,.T.);
#329=ORIENTED_EDGE('',*,*,#1019,.T.);
#330=ORIENTED_EDGE('',*,*,#1129,.F.);
#331=ORIENTED_EDGE('',*,*,#944,.F.);
#332=ORIENTED_EDGE('',*,*,#945,.T.);
#333=ORIENTED_EDGE('',*,*,#1129,.T.);
#334=ORIENTED_EDGE('',*,*,#1018,.F.);
#335=ORIENTED_EDGE('',*,*,#1126,.F.);
#336=ORIENTED_EDGE('',*,*,#934,.T.);
#337=ORIENTED_EDGE('',*,*,#1130,.T.);
#338=ORIENTED_EDGE('',*,*,#1021,.F.);
#339=ORIENTED_EDGE('',*,*,#1131,.F.);
#340=ORIENTED_EDGE('',*,*,#1131,.T.);
#341=ORIENTED_EDGE('',*,*,#1020,.T.);
#342=ORIENTED_EDGE('',*,*,#1132,.F.);
#343=ORIENTED_EDGE('',*,*,#935,.F.);
#344=ORIENTED_EDGE('',*,*,#1132,.T.);
#345=ORIENTED_EDGE('',*,*,#1023,.T.);
#346=ORIENTED_EDGE('',*,*,#1133,.F.);
#347=ORIENTED_EDGE('',*,*,#936,.F.);
#348=ORIENTED_EDGE('',*,*,#937,.T.);
#349=ORIENTED_EDGE('',*,*,#1133,.T.);
#350=ORIENTED_EDGE('',*,*,#1022,.F.);
#351=ORIENTED_EDGE('',*,*,#1130,.F.);
#352=ORIENTED_EDGE('',*,*,#946,.T.);
#353=ORIENTED_EDGE('',*,*,#1134,.T.);
#354=ORIENTED_EDGE('',*,*,#1025,.F.);
#355=ORIENTED_EDGE('',*,*,#1135,.F.);
#356=ORIENTED_EDGE('',*,*,#1135,.T.);
#357=ORIENTED_EDGE('',*,*,#1024,.T.);
#358=ORIENTED_EDGE('',*,*,#1136,.F.);
#359=ORIENTED_EDGE('',*,*,#947,.F.);
#360=ORIENTED_EDGE('',*,*,#1136,.T.);
#361=ORIENTED_EDGE('',*,*,#1027,.T.);
#362=ORIENTED_EDGE('',*,*,#1137,.F.);
#363=ORIENTED_EDGE('',*,*,#948,.F.);
#364=ORIENTED_EDGE('',*,*,#949,.T.);
#365=ORIENTED_EDGE('',*,*,#1137,.T.);
#366=ORIENTED_EDGE('',*,*,#1026,.F.);
#367=ORIENTED_EDGE('',*,*,#1134,.F.);
#368=ORIENTED_EDGE('',*,*,#930,.T.);
#369=ORIENTED_EDGE('',*,*,#1138,.T.);
#370=ORIENTED_EDGE('',*,*,#1029,.F.);
#371=ORIENTED_EDGE('',*,*,#1139,.F.);
#372=ORIENTED_EDGE('',*,*,#1139,.T.);
#373=ORIENTED_EDGE('',*,*,#1028,.T.);
#374=ORIENTED_EDGE('',*,*,#1140,.F.);
#375=ORIENTED_EDGE('',*,*,#931,.F.);
#376=ORIENTED_EDGE('',*,*,#1140,.T.);
#377=ORIENTED_EDGE('',*,*,#1031,.T.);
#378=ORIENTED_EDGE('',*,*,#1141,.F.);
#379=ORIENTED_EDGE('',*,*,#932,.F.);
#380=ORIENTED_EDGE('',*,*,#933,.T.);
#381=ORIENTED_EDGE('',*,*,#1141,.T.);
#382=ORIENTED_EDGE('',*,*,#1030,.F.);
#383=ORIENTED_EDGE('',*,*,#1138,.F.);
#384=ORIENTED_EDGE('',*,*,#865,.F.);
#385=ORIENTED_EDGE('',*,*,#1011,.F.);
#386=ORIENTED_EDGE('',*,*,#1142,.F.);
#387=ORIENTED_EDGE('',*,*,#913,.T.);
#388=ORIENTED_EDGE('',*,*,#1142,.T.);
#389=ORIENTED_EDGE('',*,*,#1010,.T.);
#390=ORIENTED_EDGE('',*,*,#1143,.F.);
#391=ORIENTED_EDGE('',*,*,#914,.F.);
#392=ORIENTED_EDGE('',*,*,#1009,.T.);
#393=ORIENTED_EDGE('',*,*,#1144,.T.);
#394=ORIENTED_EDGE('',*,*,#915,.F.);
#395=ORIENTED_EDGE('',*,*,#1143,.T.);
#396=ORIENTED_EDGE('',*,*,#950,.T.);
#397=ORIENTED_EDGE('',*,*,#1145,.T.);
#398=ORIENTED_EDGE('',*,*,#1033,.F.);
#399=ORIENTED_EDGE('',*,*,#1146,.F.);
#400=ORIENTED_EDGE('',*,*,#1146,.T.);
#401=ORIENTED_EDGE('',*,*,#1032,.T.);
#402=ORIENTED_EDGE('',*,*,#1147,.F.);
#403=ORIENTED_EDGE('',*,*,#951,.F.);
#404=ORIENTED_EDGE('',*,*,#1147,.T.);
#405=ORIENTED_EDGE('',*,*,#1035,.T.);
#406=ORIENTED_EDGE('',*,*,#1148,.F.);
#407=ORIENTED_EDGE('',*,*,#952,.F.);
#408=ORIENTED_EDGE('',*,*,#953,.T.);
#409=ORIENTED_EDGE('',*,*,#1148,.T.);
#410=ORIENTED_EDGE('',*,*,#1034,.F.);
#411=ORIENTED_EDGE('',*,*,#1145,.F.);
#412=ORIENTED_EDGE('',*,*,#908,.T.);
#413=ORIENTED_EDGE('',*,*,#1149,.T.);
#414=ORIENTED_EDGE('',*,*,#1037,.F.);
#415=ORIENTED_EDGE('',*,*,#1150,.F.);
#416=ORIENTED_EDGE('',*,*,#1150,.T.);
#417=ORIENTED_EDGE('',*,*,#1036,.T.);
#418=ORIENTED_EDGE('',*,*,#1151,.F.);
#419=ORIENTED_EDGE('',*,*,#909,.F.);
#420=ORIENTED_EDGE('',*,*,#1151,.T.);
#421=ORIENTED_EDGE('',*,*,#1039,.T.);
#422=ORIENTED_EDGE('',*,*,#1152,.F.);
#423=ORIENTED_EDGE('',*,*,#910,.F.);
#424=ORIENTED_EDGE('',*,*,#911,.T.);
#425=ORIENTED_EDGE('',*,*,#1152,.T.);
#426=ORIENTED_EDGE('',*,*,#1038,.F.);
#427=ORIENTED_EDGE('',*,*,#1149,.F.);
#428=ORIENTED_EDGE('',*,*,#954,.T.);
#429=ORIENTED_EDGE('',*,*,#1153,.T.);
#430=ORIENTED_EDGE('',*,*,#1041,.F.);
#431=ORIENTED_EDGE('',*,*,#1154,.F.);
#432=ORIENTED_EDGE('',*,*,#1154,.T.);
#433=ORIENTED_EDGE('',*,*,#1040,.T.);
#434=ORIENTED_EDGE('',*,*,#1155,.F.);
#435=ORIENTED_EDGE('',*,*,#955,.F.);
#436=ORIENTED_EDGE('',*,*,#1155,.T.);
#437=ORIENTED_EDGE('',*,*,#1043,.T.);
#438=ORIENTED_EDGE('',*,*,#1156,.F.);
#439=ORIENTED_EDGE('',*,*,#956,.F.);
#440=ORIENTED_EDGE('',*,*,#957,.T.);
#441=ORIENTED_EDGE('',*,*,#1156,.T.);
#442=ORIENTED_EDGE('',*,*,#1042,.F.);
#443=ORIENTED_EDGE('',*,*,#1153,.F.);
#444=ORIENTED_EDGE('',*,*,#904,.T.);
#445=ORIENTED_EDGE('',*,*,#1157,.T.);
#446=ORIENTED_EDGE('',*,*,#1045,.F.);
#447=ORIENTED_EDGE('',*,*,#1158,.F.);
#448=ORIENTED_EDGE('',*,*,#1158,.T.);
#449=ORIENTED_EDGE('',*,*,#1044,.T.);
#450=ORIENTED_EDGE('',*,*,#1159,.F.);
#451=ORIENTED_EDGE('',*,*,#905,.F.);
#452=ORIENTED_EDGE('',*,*,#1159,.T.);
#453=ORIENTED_EDGE('',*,*,#1047,.T.);
#454=ORIENTED_EDGE('',*,*,#1160,.F.);
#455=ORIENTED_EDGE('',*,*,#906,.F.);
#456=ORIENTED_EDGE('',*,*,#907,.T.);
#457=ORIENTED_EDGE('',*,*,#1160,.T.);
#458=ORIENTED_EDGE('',*,*,#1046,.F.);
#459=ORIENTED_EDGE('',*,*,#1157,.F.);
#460=ORIENTED_EDGE('',*,*,#958,.T.);
#461=ORIENTED_EDGE('',*,*,#1161,.T.);
#462=ORIENTED_EDGE('',*,*,#1049,.F.);
#463=ORIENTED_EDGE('',*,*,#1162,.F.);
#464=ORIENTED_EDGE('',*,*,#1162,.T.);
#465=ORIENTED_EDGE('',*,*,#1048,.T.);
#466=ORIENTED_EDGE('',*,*,#1163,.F.);
#467=ORIENTED_EDGE('',*,*,#959,.F.);
#468=ORIENTED_EDGE('',*,*,#1163,.T.);
#469=ORIENTED_EDGE('',*,*,#1051,.T.);
#470=ORIENTED_EDGE('',*,*,#1164,.F.);
#471=ORIENTED_EDGE('',*,*,#960,.F.);
#472=ORIENTED_EDGE('',*,*,#961,.T.);
#473=ORIENTED_EDGE('',*,*,#1164,.T.);
#474=ORIENTED_EDGE('',*,*,#1050,.F.);
#475=ORIENTED_EDGE('',*,*,#1161,.F.);
#476=ORIENTED_EDGE('',*,*,#900,.T.);
#477=ORIENTED_EDGE('',*,*,#1165,.T.);
#478=ORIENTED_EDGE('',*,*,#1053,.F.);
#479=ORIENTED_EDGE('',*,*,#1166,.F.);
#480=ORIENTED_EDGE('',*,*,#1166,.T.);
#481=ORIENTED_EDGE('',*,*,#1052,.T.);
#482=ORIENTED_EDGE('',*,*,#1167,.F.);
#483=ORIENTED_EDGE('',*,*,#901,.F.);
#484=ORIENTED_EDGE('',*,*,#1167,.T.);
#485=ORIENTED_EDGE('',*,*,#1055,.T.);
#486=ORIENTED_EDGE('',*,*,#1168,.F.);
#487=ORIENTED_EDGE('',*,*,#902,.F.);
#488=ORIENTED_EDGE('',*,*,#903,.T.);
#489=ORIENTED_EDGE('',*,*,#1168,.T.);
#490=ORIENTED_EDGE('',*,*,#1054,.F.);
#491=ORIENTED_EDGE('',*,*,#1165,.F.);
#492=ORIENTED_EDGE('',*,*,#896,.T.);
#493=ORIENTED_EDGE('',*,*,#1169,.T.);
#494=ORIENTED_EDGE('',*,*,#1057,.F.);
#495=ORIENTED_EDGE('',*,*,#1170,.F.);
#496=ORIENTED_EDGE('',*,*,#897,.T.);
#497=ORIENTED_EDGE('',*,*,#1170,.T.);
#498=ORIENTED_EDGE('',*,*,#1056,.F.);
#499=ORIENTED_EDGE('',*,*,#1171,.F.);
#500=ORIENTED_EDGE('',*,*,#1171,.T.);
#501=ORIENTED_EDGE('',*,*,#1059,.T.);
#502=ORIENTED_EDGE('',*,*,#1172,.F.);
#503=ORIENTED_EDGE('',*,*,#898,.F.);
#504=ORIENTED_EDGE('',*,*,#1172,.T.);
#505=ORIENTED_EDGE('',*,*,#1058,.T.);
#506=ORIENTED_EDGE('',*,*,#1169,.F.);
#507=ORIENTED_EDGE('',*,*,#899,.F.);
#508=ORIENTED_EDGE('',*,*,#962,.T.);
#509=ORIENTED_EDGE('',*,*,#1173,.T.);
#510=ORIENTED_EDGE('',*,*,#1061,.F.);
#511=ORIENTED_EDGE('',*,*,#1174,.F.);
#512=ORIENTED_EDGE('',*,*,#963,.T.);
#513=ORIENTED_EDGE('',*,*,#1174,.T.);
#514=ORIENTED_EDGE('',*,*,#1060,.F.);
#515=ORIENTED_EDGE('',*,*,#1175,.F.);
#516=ORIENTED_EDGE('',*,*,#1175,.T.);
#517=ORIENTED_EDGE('',*,*,#1063,.T.);
#518=ORIENTED_EDGE('',*,*,#1176,.F.);
#519=ORIENTED_EDGE('',*,*,#964,.F.);
#520=ORIENTED_EDGE('',*,*,#1176,.T.);
#521=ORIENTED_EDGE('',*,*,#1062,.T.);
#522=ORIENTED_EDGE('',*,*,#1173,.F.);
#523=ORIENTED_EDGE('',*,*,#965,.F.);
#524=ORIENTED_EDGE('',*,*,#892,.T.);
#525=ORIENTED_EDGE('',*,*,#1177,.T.);
#526=ORIENTED_EDGE('',*,*,#1065,.F.);
#527=ORIENTED_EDGE('',*,*,#1178,.F.);
#528=ORIENTED_EDGE('',*,*,#1178,.T.);
#529=ORIENTED_EDGE('',*,*,#1064,.T.);
#530=ORIENTED_EDGE('',*,*,#1179,.F.);
#531=ORIENTED_EDGE('',*,*,#893,.F.);
#532=ORIENTED_EDGE('',*,*,#1179,.T.);
#533=ORIENTED_EDGE('',*,*,#1067,.T.);
#534=ORIENTED_EDGE('',*,*,#1180,.F.);
#535=ORIENTED_EDGE('',*,*,#894,.F.);
#536=ORIENTED_EDGE('',*,*,#895,.T.);
#537=ORIENTED_EDGE('',*,*,#1180,.T.);
#538=ORIENTED_EDGE('',*,*,#1066,.F.);
#539=ORIENTED_EDGE('',*,*,#1177,.F.);
#540=ORIENTED_EDGE('',*,*,#966,.T.);
#541=ORIENTED_EDGE('',*,*,#1181,.T.);
#542=ORIENTED_EDGE('',*,*,#1069,.F.);
#543=ORIENTED_EDGE('',*,*,#1182,.F.);
#544=ORIENTED_EDGE('',*,*,#967,.T.);
#545=ORIENTED_EDGE('',*,*,#1182,.T.);
#546=ORIENTED_EDGE('',*,*,#1068,.F.);
#547=ORIENTED_EDGE('',*,*,#1183,.F.);
#548=ORIENTED_EDGE('',*,*,#1183,.T.);
#549=ORIENTED_EDGE('',*,*,#1071,.T.);
#550=ORIENTED_EDGE('',*,*,#1184,.F.);
#551=ORIENTED_EDGE('',*,*,#968,.F.);
#552=ORIENTED_EDGE('',*,*,#1184,.T.);
#553=ORIENTED_EDGE('',*,*,#1070,.T.);
#554=ORIENTED_EDGE('',*,*,#1181,.F.);
#555=ORIENTED_EDGE('',*,*,#969,.F.);
#556=ORIENTED_EDGE('',*,*,#970,.T.);
#557=ORIENTED_EDGE('',*,*,#1185,.T.);
#558=ORIENTED_EDGE('',*,*,#1073,.F.);
#559=ORIENTED_EDGE('',*,*,#1186,.F.);
#560=ORIENTED_EDGE('',*,*,#971,.T.);
#561=ORIENTED_EDGE('',*,*,#1186,.T.);
#562=ORIENTED_EDGE('',*,*,#1072,.F.);
#563=ORIENTED_EDGE('',*,*,#1187,.F.);
#564=ORIENTED_EDGE('',*,*,#1187,.T.);
#565=ORIENTED_EDGE('',*,*,#1075,.T.);
#566=ORIENTED_EDGE('',*,*,#1188,.F.);
#567=ORIENTED_EDGE('',*,*,#972,.F.);
#568=ORIENTED_EDGE('',*,*,#1188,.T.);
#569=ORIENTED_EDGE('',*,*,#1074,.T.);
#570=ORIENTED_EDGE('',*,*,#1185,.F.);
#571=ORIENTED_EDGE('',*,*,#973,.F.);
#572=ORIENTED_EDGE('',*,*,#1189,.F.);
#573=ORIENTED_EDGE('',*,*,#999,.F.);
#574=ORIENTED_EDGE('',*,*,#1190,.F.);
#575=ORIENTED_EDGE('',*,*,#925,.T.);
#576=ORIENTED_EDGE('',*,*,#1190,.T.);
#577=ORIENTED_EDGE('',*,*,#998,.T.);
#578=ORIENTED_EDGE('',*,*,#1191,.F.);
#579=ORIENTED_EDGE('',*,*,#926,.F.);
#580=ORIENTED_EDGE('',*,*,#997,.T.);
#581=ORIENTED_EDGE('',*,*,#854,.T.);
#582=ORIENTED_EDGE('',*,*,#927,.F.);
#583=ORIENTED_EDGE('',*,*,#1191,.T.);
#584=ORIENTED_EDGE('',*,*,#974,.T.);
#585=ORIENTED_EDGE('',*,*,#1192,.T.);
#586=ORIENTED_EDGE('',*,*,#1077,.F.);
#587=ORIENTED_EDGE('',*,*,#1193,.F.);
#588=ORIENTED_EDGE('',*,*,#1193,.T.);
#589=ORIENTED_EDGE('',*,*,#1076,.T.);
#590=ORIENTED_EDGE('',*,*,#1194,.F.);
#591=ORIENTED_EDGE('',*,*,#975,.F.);
#592=ORIENTED_EDGE('',*,*,#1194,.T.);
#593=ORIENTED_EDGE('',*,*,#1079,.T.);
#594=ORIENTED_EDGE('',*,*,#1195,.F.);
#595=ORIENTED_EDGE('',*,*,#976,.F.);
#596=ORIENTED_EDGE('',*,*,#977,.T.);
#597=ORIENTED_EDGE('',*,*,#1195,.T.);
#598=ORIENTED_EDGE('',*,*,#1078,.F.);
#599=ORIENTED_EDGE('',*,*,#1192,.F.);
#600=ORIENTED_EDGE('',*,*,#888,.T.);
#601=ORIENTED_EDGE('',*,*,#1196,.T.);
#602=ORIENTED_EDGE('',*,*,#1081,.F.);
#603=ORIENTED_EDGE('',*,*,#1197,.F.);
#604=ORIENTED_EDGE('',*,*,#1197,.T.);
#605=ORIENTED_EDGE('',*,*,#1080,.T.);
#606=ORIENTED_EDGE('',*,*,#1198,.F.);
#607=ORIENTED_EDGE('',*,*,#889,.F.);
#608=ORIENTED_EDGE('',*,*,#1198,.T.);
#609=ORIENTED_EDGE('',*,*,#1083,.T.);
#610=ORIENTED_EDGE('',*,*,#1199,.F.);
#611=ORIENTED_EDGE('',*,*,#890,.F.);
#612=ORIENTED_EDGE('',*,*,#891,.T.);
#613=ORIENTED_EDGE('',*,*,#1199,.T.);
#614=ORIENTED_EDGE('',*,*,#1082,.F.);
#615=ORIENTED_EDGE('',*,*,#1196,.F.);
#616=ORIENTED_EDGE('',*,*,#978,.T.);
#617=ORIENTED_EDGE('',*,*,#1200,.T.);
#618=ORIENTED_EDGE('',*,*,#1085,.F.);
#619=ORIENTED_EDGE('',*,*,#1201,.F.);
#620=ORIENTED_EDGE('',*,*,#1201,.T.);
#621=ORIENTED_EDGE('',*,*,#1084,.T.);
#622=ORIENTED_EDGE('',*,*,#1202,.F.);
#623=ORIENTED_EDGE('',*,*,#979,.F.);
#624=ORIENTED_EDGE('',*,*,#1202,.T.);
#625=ORIENTED_EDGE('',*,*,#1087,.T.);
#626=ORIENTED_EDGE('',*,*,#1203,.F.);
#627=ORIENTED_EDGE('',*,*,#980,.F.);
#628=ORIENTED_EDGE('',*,*,#981,.T.);
#629=ORIENTED_EDGE('',*,*,#1203,.T.);
#630=ORIENTED_EDGE('',*,*,#1086,.F.);
#631=ORIENTED_EDGE('',*,*,#1200,.F.);
#632=ORIENTED_EDGE('',*,*,#884,.T.);
#633=ORIENTED_EDGE('',*,*,#1204,.T.);
#634=ORIENTED_EDGE('',*,*,#1089,.F.);
#635=ORIENTED_EDGE('',*,*,#1205,.F.);
#636=ORIENTED_EDGE('',*,*,#1205,.T.);
#637=ORIENTED_EDGE('',*,*,#1088,.T.);
#638=ORIENTED_EDGE('',*,*,#1206,.F.);
#639=ORIENTED_EDGE('',*,*,#885,.F.);
#640=ORIENTED_EDGE('',*,*,#1206,.T.);
#641=ORIENTED_EDGE('',*,*,#1091,.T.);
#642=ORIENTED_EDGE('',*,*,#1207,.F.);
#643=ORIENTED_EDGE('',*,*,#886,.F.);
#644=ORIENTED_EDGE('',*,*,#887,.T.);
#645=ORIENTED_EDGE('',*,*,#1207,.T.);
#646=ORIENTED_EDGE('',*,*,#1090,.F.);
#647=ORIENTED_EDGE('',*,*,#1204,.F.);
#648=ORIENTED_EDGE('',*,*,#982,.T.);
#649=ORIENTED_EDGE('',*,*,#1208,.T.);
#650=ORIENTED_EDGE('',*,*,#1093,.F.);
#651=ORIENTED_EDGE('',*,*,#1209,.F.);
#652=ORIENTED_EDGE('',*,*,#1209,.T.);
#653=ORIENTED_EDGE('',*,*,#1092,.T.);
#654=ORIENTED_EDGE('',*,*,#1210,.F.);
#655=ORIENTED_EDGE('',*,*,#983,.F.);
#656=ORIENTED_EDGE('',*,*,#1210,.T.);
#657=ORIENTED_EDGE('',*,*,#1095,.T.);
#658=ORIENTED_EDGE('',*,*,#1211,.F.);
#659=ORIENTED_EDGE('',*,*,#984,.F.);
#660=ORIENTED_EDGE('',*,*,#985,.T.);
#661=ORIENTED_EDGE('',*,*,#1211,.T.);
#662=ORIENTED_EDGE('',*,*,#1094,.F.);
#663=ORIENTED_EDGE('',*,*,#1208,.F.);
#664=ORIENTED_EDGE('',*,*,#880,.T.);
#665=ORIENTED_EDGE('',*,*,#1212,.T.);
#666=ORIENTED_EDGE('',*,*,#1097,.F.);
#667=ORIENTED_EDGE('',*,*,#1213,.F.);
#668=ORIENTED_EDGE('',*,*,#1213,.T.);
#669=ORIENTED_EDGE('',*,*,#1096,.T.);
#670=ORIENTED_EDGE('',*,*,#1214,.F.);
#671=ORIENTED_EDGE('',*,*,#881,.F.);
#672=ORIENTED_EDGE('',*,*,#1214,.T.);
#673=ORIENTED_EDGE('',*,*,#1099,.T.);
#674=ORIENTED_EDGE('',*,*,#1215,.F.);
#675=ORIENTED_EDGE('',*,*,#882,.F.);
#676=ORIENTED_EDGE('',*,*,#883,.T.);
#677=ORIENTED_EDGE('',*,*,#1215,.T.);
#678=ORIENTED_EDGE('',*,*,#1098,.F.);
#679=ORIENTED_EDGE('',*,*,#1212,.F.);
#680=ORIENTED_EDGE('',*,*,#1216,.F.);
#681=ORIENTED_EDGE('',*,*,#1003,.F.);
#682=ORIENTED_EDGE('',*,*,#1217,.F.);
#683=ORIENTED_EDGE('',*,*,#921,.T.);
#684=ORIENTED_EDGE('',*,*,#1217,.T.);
#685=ORIENTED_EDGE('',*,*,#1002,.T.);
#686=ORIENTED_EDGE('',*,*,#1218,.F.);
#687=ORIENTED_EDGE('',*,*,#922,.F.);
#688=ORIENTED_EDGE('',*,*,#1001,.T.);
#689=ORIENTED_EDGE('',*,*,#1219,.T.);
#690=ORIENTED_EDGE('',*,*,#923,.F.);
#691=ORIENTED_EDGE('',*,*,#1218,.T.);
#692=ORIENTED_EDGE('',*,*,#876,.T.);
#693=ORIENTED_EDGE('',*,*,#1220,.T.);
#694=ORIENTED_EDGE('',*,*,#1101,.F.);
#695=ORIENTED_EDGE('',*,*,#1221,.F.);
#696=ORIENTED_EDGE('',*,*,#1221,.T.);
#697=ORIENTED_EDGE('',*,*,#1100,.T.);
#698=ORIENTED_EDGE('',*,*,#1222,.F.);
#699=ORIENTED_EDGE('',*,*,#877,.F.);
#700=ORIENTED_EDGE('',*,*,#1222,.T.);
#701=ORIENTED_EDGE('',*,*,#1103,.T.);
#702=ORIENTED_EDGE('',*,*,#1223,.F.);
#703=ORIENTED_EDGE('',*,*,#878,.F.);
#704=ORIENTED_EDGE('',*,*,#879,.T.);
#705=ORIENTED_EDGE('',*,*,#1223,.T.);
#706=ORIENTED_EDGE('',*,*,#1102,.F.);
#707=ORIENTED_EDGE('',*,*,#1220,.F.);
#708=ORIENTED_EDGE('',*,*,#986,.T.);
#709=ORIENTED_EDGE('',*,*,#1224,.T.);
#710=ORIENTED_EDGE('',*,*,#1105,.F.);
#711=ORIENTED_EDGE('',*,*,#1225,.F.);
#712=ORIENTED_EDGE('',*,*,#1225,.T.);
#713=ORIENTED_EDGE('',*,*,#1104,.T.);
#714=ORIENTED_EDGE('',*,*,#1226,.F.);
#715=ORIENTED_EDGE('',*,*,#987,.F.);
#716=ORIENTED_EDGE('',*,*,#1226,.T.);
#717=ORIENTED_EDGE('',*,*,#1107,.T.);
#718=ORIENTED_EDGE('',*,*,#1227,.F.);
#719=ORIENTED_EDGE('',*,*,#988,.F.);
#720=ORIENTED_EDGE('',*,*,#989,.T.);
#721=ORIENTED_EDGE('',*,*,#1227,.T.);
#722=ORIENTED_EDGE('',*,*,#1106,.F.);
#723=ORIENTED_EDGE('',*,*,#1224,.F.);
#724=ORIENTED_EDGE('',*,*,#872,.T.);
#725=ORIENTED_EDGE('',*,*,#1228,.T.);
#726=ORIENTED_EDGE('',*,*,#1109,.F.);
#727=ORIENTED_EDGE('',*,*,#1229,.F.);
#728=ORIENTED_EDGE('',*,*,#1229,.T.);
#729=ORIENTED_EDGE('',*,*,#1108,.T.);
#730=ORIENTED_EDGE('',*,*,#1230,.F.);
#731=ORIENTED_EDGE('',*,*,#873,.F.);
#732=ORIENTED_EDGE('',*,*,#1230,.T.);
#733=ORIENTED_EDGE('',*,*,#1111,.T.);
#734=ORIENTED_EDGE('',*,*,#1231,.F.);
#735=ORIENTED_EDGE('',*,*,#874,.F.);
#736=ORIENTED_EDGE('',*,*,#875,.T.);
#737=ORIENTED_EDGE('',*,*,#1231,.T.);
#738=ORIENTED_EDGE('',*,*,#1110,.F.);
#739=ORIENTED_EDGE('',*,*,#1228,.F.);
#740=ORIENTED_EDGE('',*,*,#990,.T.);
#741=ORIENTED_EDGE('',*,*,#1232,.T.);
#742=ORIENTED_EDGE('',*,*,#1113,.F.);
#743=ORIENTED_EDGE('',*,*,#1233,.F.);
#744=ORIENTED_EDGE('',*,*,#1233,.T.);
#745=ORIENTED_EDGE('',*,*,#1112,.T.);
#746=ORIENTED_EDGE('',*,*,#1234,.F.);
#747=ORIENTED_EDGE('',*,*,#991,.F.);
#748=ORIENTED_EDGE('',*,*,#1234,.T.);
#749=ORIENTED_EDGE('',*,*,#1115,.T.);
#750=ORIENTED_EDGE('',*,*,#1235,.F.);
#751=ORIENTED_EDGE('',*,*,#992,.F.);
#752=ORIENTED_EDGE('',*,*,#993,.T.);
#753=ORIENTED_EDGE('',*,*,#1235,.T.);
#754=ORIENTED_EDGE('',*,*,#1114,.F.);
#755=ORIENTED_EDGE('',*,*,#1232,.F.);
#756=ORIENTED_EDGE('',*,*,#1189,.T.);
#757=ORIENTED_EDGE('',*,*,#924,.F.);
#758=ORIENTED_EDGE('',*,*,#1219,.F.);
#759=ORIENTED_EDGE('',*,*,#1000,.T.);
#760=ORIENTED_EDGE('',*,*,#1236,.F.);
#761=ORIENTED_EDGE('',*,*,#1237,.F.);
#762=ORIENTED_EDGE('',*,*,#1238,.T.);
#763=ORIENTED_EDGE('',*,*,#1239,.T.);
#764=ORIENTED_EDGE('',*,*,#1004,.T.);
#765=ORIENTED_EDGE('',*,*,#1216,.T.);
#766=ORIENTED_EDGE('',*,*,#920,.F.);
#767=ORIENTED_EDGE('',*,*,#1121,.F.);
#768=ORIENTED_EDGE('',*,*,#1118,.T.);
#769=ORIENTED_EDGE('',*,*,#916,.F.);
#770=ORIENTED_EDGE('',*,*,#1144,.F.);
#771=ORIENTED_EDGE('',*,*,#1008,.T.);
#772=ORIENTED_EDGE('',*,*,#868,.T.);
#773=ORIENTED_EDGE('',*,*,#1240,.F.);
#774=ORIENTED_EDGE('',*,*,#1241,.F.);
#775=ORIENTED_EDGE('',*,*,#1242,.T.);
#776=ORIENTED_EDGE('',*,*,#869,.F.);
#777=ORIENTED_EDGE('',*,*,#1242,.F.);
#778=ORIENTED_EDGE('',*,*,#1243,.T.);
#779=ORIENTED_EDGE('',*,*,#1244,.T.);
#780=ORIENTED_EDGE('',*,*,#870,.F.);
#781=ORIENTED_EDGE('',*,*,#1244,.F.);
#782=ORIENTED_EDGE('',*,*,#1245,.T.);
#783=ORIENTED_EDGE('',*,*,#1246,.T.);
#784=ORIENTED_EDGE('',*,*,#871,.T.);
#785=ORIENTED_EDGE('',*,*,#1246,.F.);
#786=ORIENTED_EDGE('',*,*,#1247,.F.);
#787=ORIENTED_EDGE('',*,*,#1240,.T.);
#788=ORIENTED_EDGE('',*,*,#1241,.T.);
#789=ORIENTED_EDGE('',*,*,#1247,.T.);
#790=ORIENTED_EDGE('',*,*,#1245,.F.);
#791=ORIENTED_EDGE('',*,*,#1243,.F.);
#792=ORIENTED_EDGE('',*,*,#856,.T.);
#793=ORIENTED_EDGE('',*,*,#1248,.F.);
#794=ORIENTED_EDGE('',*,*,#1249,.F.);
#795=ORIENTED_EDGE('',*,*,#1250,.T.);
#796=ORIENTED_EDGE('',*,*,#857,.F.);
#797=ORIENTED_EDGE('',*,*,#1250,.F.);
#798=ORIENTED_EDGE('',*,*,#1251,.T.);
#799=ORIENTED_EDGE('',*,*,#1252,.T.);
#800=ORIENTED_EDGE('',*,*,#858,.F.);
#801=ORIENTED_EDGE('',*,*,#1252,.F.);
#802=ORIENTED_EDGE('',*,*,#1253,.T.);
#803=ORIENTED_EDGE('',*,*,#1254,.T.);
#804=ORIENTED_EDGE('',*,*,#859,.T.);
#805=ORIENTED_EDGE('',*,*,#1254,.F.);
#806=ORIENTED_EDGE('',*,*,#1255,.F.);
#807=ORIENTED_EDGE('',*,*,#1248,.T.);
#808=ORIENTED_EDGE('',*,*,#1249,.T.);
#809=ORIENTED_EDGE('',*,*,#1255,.T.);
#810=ORIENTED_EDGE('',*,*,#1253,.F.);
#811=ORIENTED_EDGE('',*,*,#1251,.F.);
#812=ORIENTED_EDGE('',*,*,#1237,.T.);
#813=ORIENTED_EDGE('',*,*,#1256,.F.);
#814=ORIENTED_EDGE('',*,*,#1257,.F.);
#815=ORIENTED_EDGE('',*,*,#1258,.T.);
#816=ORIENTED_EDGE('',*,*,#1238,.F.);
#817=ORIENTED_EDGE('',*,*,#1258,.F.);
#818=ORIENTED_EDGE('',*,*,#1259,.T.);
#819=ORIENTED_EDGE('',*,*,#1260,.T.);
#820=ORIENTED_EDGE('',*,*,#1239,.F.);
#821=ORIENTED_EDGE('',*,*,#1260,.F.);
#822=ORIENTED_EDGE('',*,*,#1261,.T.);
#823=ORIENTED_EDGE('',*,*,#1262,.T.);
#824=ORIENTED_EDGE('',*,*,#1236,.T.);
#825=ORIENTED_EDGE('',*,*,#1262,.F.);
#826=ORIENTED_EDGE('',*,*,#1263,.F.);
#827=ORIENTED_EDGE('',*,*,#1256,.T.);
#828=ORIENTED_EDGE('',*,*,#1257,.T.);
#829=ORIENTED_EDGE('',*,*,#1263,.T.);
#830=ORIENTED_EDGE('',*,*,#1261,.F.);
#831=ORIENTED_EDGE('',*,*,#1259,.F.);
#832=ORIENTED_EDGE('',*,*,#861,.T.);
#833=ORIENTED_EDGE('',*,*,#1264,.F.);
#834=ORIENTED_EDGE('',*,*,#1265,.F.);
#835=ORIENTED_EDGE('',*,*,#1266,.T.);
#836=ORIENTED_EDGE('',*,*,#862,.F.);
#837=ORIENTED_EDGE('',*,*,#1266,.F.);
#838=ORIENTED_EDGE('',*,*,#1267,.T.);
#839=ORIENTED_EDGE('',*,*,#1268,.T.);
#840=ORIENTED_EDGE('',*,*,#863,.F.);
#841=ORIENTED_EDGE('',*,*,#1268,.F.);
#842=ORIENTED_EDGE('',*,*,#1269,.T.);
#843=ORIENTED_EDGE('',*,*,#1270,.T.);
#844=ORIENTED_EDGE('',*,*,#860,.T.);
#845=ORIENTED_EDGE('',*,*,#1270,.F.);
#846=ORIENTED_EDGE('',*,*,#1271,.F.);
#847=ORIENTED_EDGE('',*,*,#1264,.T.);
#848=ORIENTED_EDGE('',*,*,#1265,.T.);
#849=ORIENTED_EDGE('',*,*,#1271,.T.);
#850=ORIENTED_EDGE('',*,*,#1269,.F.);
#851=ORIENTED_EDGE('',*,*,#1267,.F.);
#852=EDGE_CURVE('',#1272,#1273,#1552,.T.);
#853=EDGE_CURVE('',#1274,#1273,#1553,.T.);
#854=EDGE_CURVE('',#1275,#1274,#1554,.T.);
#855=EDGE_CURVE('',#1275,#1272,#1555,.T.);
#856=EDGE_CURVE('',#1276,#1277,#1556,.T.);
#857=EDGE_CURVE('',#1276,#1278,#1557,.T.);
#858=EDGE_CURVE('',#1278,#1279,#1558,.T.);
#859=EDGE_CURVE('',#1277,#1279,#1559,.T.);
#860=EDGE_CURVE('',#1280,#1281,#1560,.T.);
#861=EDGE_CURVE('',#1282,#1280,#1561,.T.);
#862=EDGE_CURVE('',#1282,#1283,#1562,.T.);
#863=EDGE_CURVE('',#1283,#1281,#1563,.T.);
#864=EDGE_CURVE('',#1284,#1285,#1564,.T.);
#865=EDGE_CURVE('',#1285,#1286,#1565,.T.);
#866=EDGE_CURVE('',#1287,#1286,#1566,.T.);
#867=EDGE_CURVE('',#1284,#1287,#1567,.T.);
#868=EDGE_CURVE('',#1288,#1289,#1568,.T.);
#869=EDGE_CURVE('',#1288,#1290,#1569,.T.);
#870=EDGE_CURVE('',#1290,#1291,#1570,.T.);
#871=EDGE_CURVE('',#1289,#1291,#1571,.T.);
#872=EDGE_CURVE('',#1292,#1293,#1572,.T.);
#873=EDGE_CURVE('',#1292,#1294,#1573,.T.);
#874=EDGE_CURVE('',#1294,#1295,#1574,.T.);
#875=EDGE_CURVE('',#1293,#1295,#1575,.T.);
#876=EDGE_CURVE('',#1296,#1297,#1576,.T.);
#877=EDGE_CURVE('',#1296,#1298,#1577,.T.);
#878=EDGE_CURVE('',#1298,#1299,#1578,.T.);
#879=EDGE_CURVE('',#1297,#1299,#1579,.T.);
#880=EDGE_CURVE('',#1300,#1301,#1580,.T.);
#881=EDGE_CURVE('',#1300,#1302,#1581,.T.);
#882=EDGE_CURVE('',#1302,#1303,#1582,.T.);
#883=EDGE_CURVE('',#1301,#1303,#1583,.T.);
#884=EDGE_CURVE('',#1304,#1305,#1584,.T.);
#885=EDGE_CURVE('',#1304,#1306,#1585,.T.);
#886=EDGE_CURVE('',#1306,#1307,#1586,.T.);
#887=EDGE_CURVE('',#1305,#1307,#1587,.T.);
#888=EDGE_CURVE('',#1308,#1309,#1588,.T.);
#889=EDGE_CURVE('',#1308,#1310,#1589,.T.);
#890=EDGE_CURVE('',#1310,#1311,#1590,.T.);
#891=EDGE_CURVE('',#1309,#1311,#1591,.T.);
#892=EDGE_CURVE('',#1312,#1313,#1592,.T.);
#893=EDGE_CURVE('',#1312,#1314,#1593,.T.);
#894=EDGE_CURVE('',#1314,#1315,#1594,.T.);
#895=EDGE_CURVE('',#1313,#1315,#1595,.T.);
#896=EDGE_CURVE('',#1316,#1317,#1596,.T.);
#897=EDGE_CURVE('',#1318,#1316,#1597,.T.);
#898=EDGE_CURVE('',#1318,#1319,#1598,.T.);
#899=EDGE_CURVE('',#1319,#1317,#1599,.T.);
#900=EDGE_CURVE('',#1320,#1321,#1600,.T.);
#901=EDGE_CURVE('',#1320,#1322,#1601,.T.);
#902=EDGE_CURVE('',#1322,#1323,#1602,.T.);
#903=EDGE_CURVE('',#1321,#1323,#1603,.T.);
#904=EDGE_CURVE('',#1324,#1325,#1604,.T.);
#905=EDGE_CURVE('',#1324,#1326,#1605,.T.);
#906=EDGE_CURVE('',#1326,#1327,#1606,.T.);
#907=EDGE_CURVE('',#1325,#1327,#1607,.T.);
#908=EDGE_CURVE('',#1328,#1329,#1608,.T.);
#909=EDGE_CURVE('',#1328,#1330,#1609,.T.);
#910=EDGE_CURVE('',#1330,#1331,#1610,.T.);
#911=EDGE_CURVE('',#1329,#1331,#1611,.T.);
#912=EDGE_CURVE('',#1332,#1287,#1612,.T.);
#913=EDGE_CURVE('',#1333,#1286,#1613,.T.);
#914=EDGE_CURVE('',#1333,#1334,#1614,.T.);
#915=EDGE_CURVE('',#1334,#1335,#1615,.T.);
#916=EDGE_CURVE('',#1335,#1336,#1616,.T.);
#917=EDGE_CURVE('',#1337,#1336,#1617,.T.);
#918=EDGE_CURVE('',#1337,#1338,#1618,.T.);
#919=EDGE_CURVE('',#1338,#1339,#1619,.T.);
#920=EDGE_CURVE('',#1339,#1340,#1620,.T.);
#921=EDGE_CURVE('',#1341,#1340,#1621,.T.);
#922=EDGE_CURVE('',#1341,#1342,#1622,.T.);
#923=EDGE_CURVE('',#1342,#1343,#1623,.T.);
#924=EDGE_CURVE('',#1343,#1344,#1624,.T.);
#925=EDGE_CURVE('',#1345,#1344,#1625,.T.);
#926=EDGE_CURVE('',#1345,#1346,#1626,.T.);
#927=EDGE_CURVE('',#1346,#1274,#1627,.T.);
#928=EDGE_CURVE('',#1347,#1273,#1628,.T.);
#929=EDGE_CURVE('',#1347,#1332,#1629,.T.);
#930=EDGE_CURVE('',#1348,#1349,#1630,.T.);
#931=EDGE_CURVE('',#1348,#1350,#1631,.T.);
#932=EDGE_CURVE('',#1350,#1351,#1632,.T.);
#933=EDGE_CURVE('',#1349,#1351,#1633,.T.);
#934=EDGE_CURVE('',#1352,#1353,#1634,.T.);
#935=EDGE_CURVE('',#1352,#1354,#1635,.T.);
#936=EDGE_CURVE('',#1354,#1355,#1636,.T.);
#937=EDGE_CURVE('',#1353,#1355,#1637,.T.);
#938=EDGE_CURVE('',#1356,#1357,#1638,.T.);
#939=EDGE_CURVE('',#1356,#1358,#1639,.T.);
#940=EDGE_CURVE('',#1358,#1359,#1640,.T.);
#941=EDGE_CURVE('',#1357,#1359,#1641,.T.);
#942=EDGE_CURVE('',#1360,#1361,#1642,.T.);
#943=EDGE_CURVE('',#1360,#1362,#1643,.T.);
#944=EDGE_CURVE('',#1362,#1363,#1644,.T.);
#945=EDGE_CURVE('',#1361,#1363,#1645,.T.);
#946=EDGE_CURVE('',#1364,#1365,#1646,.T.);
#947=EDGE_CURVE('',#1364,#1366,#1647,.T.);
#948=EDGE_CURVE('',#1366,#1367,#1648,.T.);
#949=EDGE_CURVE('',#1365,#1367,#1649,.T.);
#950=EDGE_CURVE('',#1368,#1369,#1650,.T.);
#951=EDGE_CURVE('',#1368,#1370,#1651,.T.);
#952=EDGE_CURVE('',#1370,#1371,#1652,.T.);
#953=EDGE_CURVE('',#1369,#1371,#1653,.T.);
#954=EDGE_CURVE('',#1372,#1373,#1654,.T.);
#955=EDGE_CURVE('',#1372,#1374,#1655,.T.);
#956=EDGE_CURVE('',#1374,#1375,#1656,.T.);
#957=EDGE_CURVE('',#1373,#1375,#1657,.T.);
#958=EDGE_CURVE('',#1376,#1377,#1658,.T.);
#959=EDGE_CURVE('',#1376,#1378,#1659,.T.);
#960=EDGE_CURVE('',#1378,#1379,#1660,.T.);
#961=EDGE_CURVE('',#1377,#1379,#1661,.T.);
#962=EDGE_CURVE('',#1380,#1381,#1662,.T.);
#963=EDGE_CURVE('',#1382,#1380,#1663,.T.);
#964=EDGE_CURVE('',#1382,#1383,#1664,.T.);
#965=EDGE_CURVE('',#1383,#1381,#1665,.T.);
#966=EDGE_CURVE('',#1384,#1385,#1666,.T.);
#967=EDGE_CURVE('',#1386,#1384,#1667,.T.);
#968=EDGE_CURVE('',#1386,#1387,#1668,.T.);
#969=EDGE_CURVE('',#1387,#1385,#1669,.T.);
#970=EDGE_CURVE('',#1388,#1389,#1670,.T.);
#971=EDGE_CURVE('',#1390,#1388,#1671,.T.);
#972=EDGE_CURVE('',#1390,#1391,#1672,.T.);
#973=EDGE_CURVE('',#1391,#1389,#1673,.T.);
#974=EDGE_CURVE('',#1392,#1393,#1674,.T.);
#975=EDGE_CURVE('',#1392,#1394,#1675,.T.);
#976=EDGE_CURVE('',#1394,#1395,#1676,.T.);
#977=EDGE_CURVE('',#1393,#1395,#1677,.T.);
#978=EDGE_CURVE('',#1396,#1397,#1678,.T.);
#979=EDGE_CURVE('',#1396,#1398,#1679,.T.);
#980=EDGE_CURVE('',#1398,#1399,#1680,.T.);
#981=EDGE_CURVE('',#1397,#1399,#1681,.T.);
#982=EDGE_CURVE('',#1400,#1401,#1682,.T.);
#983=EDGE_CURVE('',#1400,#1402,#1683,.T.);
#984=EDGE_CURVE('',#1402,#1403,#1684,.T.);
#985=EDGE_CURVE('',#1401,#1403,#1685,.T.);
#986=EDGE_CURVE('',#1404,#1405,#1686,.T.);
#987=EDGE_CURVE('',#1404,#1406,#1687,.T.);
#988=EDGE_CURVE('',#1406,#1407,#1688,.T.);
#989=EDGE_CURVE('',#1405,#1407,#1689,.T.);
#990=EDGE_CURVE('',#1408,#1409,#1690,.T.);
#991=EDGE_CURVE('',#1408,#1410,#1691,.T.);
#992=EDGE_CURVE('',#1410,#1411,#1692,.T.);
#993=EDGE_CURVE('',#1409,#1411,#1693,.T.);
#994=EDGE_CURVE('',#1412,#1284,#1694,.T.);
#995=EDGE_CURVE('',#1413,#1412,#1695,.T.);
#996=EDGE_CURVE('',#1413,#1272,#1696,.T.);
#997=EDGE_CURVE('',#1414,#1275,#1697,.T.);
#998=EDGE_CURVE('',#1415,#1414,#1698,.T.);
#999=EDGE_CURVE('',#1415,#1416,#1699,.T.);
#1000=EDGE_CURVE('',#1417,#1416,#1700,.T.);
#1001=EDGE_CURVE('',#1418,#1417,#1701,.T.);
#1002=EDGE_CURVE('',#1419,#1418,#1702,.T.);
#1003=EDGE_CURVE('',#1419,#1420,#1703,.T.);
#1004=EDGE_CURVE('',#1421,#1420,#1704,.T.);
#1005=EDGE_CURVE('',#1422,#1421,#1705,.T.);
#1006=EDGE_CURVE('',#1423,#1422,#1706,.T.);
#1007=EDGE_CURVE('',#1423,#1424,#1707,.T.);
#1008=EDGE_CURVE('',#1425,#1424,#1708,.T.);
#1009=EDGE_CURVE('',#1426,#1425,#1709,.T.);
#1010=EDGE_CURVE('',#1427,#1426,#1710,.T.);
#1011=EDGE_CURVE('',#1427,#1285,#1711,.T.);
#1012=EDGE_CURVE('',#1428,#1429,#1712,.T.);
#1013=EDGE_CURVE('',#1428,#1430,#1713,.T.);
#1014=EDGE_CURVE('',#1430,#1431,#1714,.T.);
#1015=EDGE_CURVE('',#1429,#1431,#1715,.T.);
#1016=EDGE_CURVE('',#1432,#1433,#1716,.T.);
#1017=EDGE_CURVE('',#1432,#1434,#1717,.T.);
#1018=EDGE_CURVE('',#1434,#1435,#1718,.T.);
#1019=EDGE_CURVE('',#1433,#1435,#1719,.T.);
#1020=EDGE_CURVE('',#1436,#1437,#1720,.T.);
#1021=EDGE_CURVE('',#1436,#1438,#1721,.T.);
#1022=EDGE_CURVE('',#1438,#1439,#1722,.T.);
#1023=EDGE_CURVE('',#1437,#1439,#1723,.T.);
#1024=EDGE_CURVE('',#1440,#1441,#1724,.T.);
#1025=EDGE_CURVE('',#1440,#1442,#1725,.T.);
#1026=EDGE_CURVE('',#1442,#1443,#1726,.T.);
#1027=EDGE_CURVE('',#1441,#1443,#1727,.T.);
#1028=EDGE_CURVE('',#1444,#1445,#1728,.T.);
#1029=EDGE_CURVE('',#1444,#1446,#1729,.T.);
#1030=EDGE_CURVE('',#1446,#1447,#1730,.T.);
#1031=EDGE_CURVE('',#1445,#1447,#1731,.T.);
#1032=EDGE_CURVE('',#1448,#1449,#1732,.T.);
#1033=EDGE_CURVE('',#1448,#1450,#1733,.T.);
#1034=EDGE_CURVE('',#1450,#1451,#1734,.T.);
#1035=EDGE_CURVE('',#1449,#1451,#1735,.T.);
#1036=EDGE_CURVE('',#1452,#1453,#1736,.T.);
#1037=EDGE_CURVE('',#1452,#1454,#1737,.T.);
#1038=EDGE_CURVE('',#1454,#1455,#1738,.T.);
#1039=EDGE_CURVE('',#1453,#1455,#1739,.T.);
#1040=EDGE_CURVE('',#1456,#1457,#1740,.T.);
#1041=EDGE_CURVE('',#1456,#1458,#1741,.T.);
#1042=EDGE_CURVE('',#1458,#1459,#1742,.T.);
#1043=EDGE_CURVE('',#1457,#1459,#1743,.T.);
#1044=EDGE_CURVE('',#1460,#1461,#1744,.T.);
#1045=EDGE_CURVE('',#1460,#1462,#1745,.T.);
#1046=EDGE_CURVE('',#1462,#1463,#1746,.T.);
#1047=EDGE_CURVE('',#1461,#1463,#1747,.T.);
#1048=EDGE_CURVE('',#1464,#1465,#1748,.T.);
#1049=EDGE_CURVE('',#1464,#1466,#1749,.T.);
#1050=EDGE_CURVE('',#1466,#1467,#1750,.T.);
#1051=EDGE_CURVE('',#1465,#1467,#1751,.T.);
#1052=EDGE_CURVE('',#1468,#1469,#1752,.T.);
#1053=EDGE_CURVE('',#1468,#1470,#1753,.T.);
#1054=EDGE_CURVE('',#1470,#1471,#1754,.T.);
#1055=EDGE_CURVE('',#1469,#1471,#1755,.T.);
#1056=EDGE_CURVE('',#1472,#1473,#1756,.T.);
#1057=EDGE_CURVE('',#1473,#1474,#1757,.T.);
#1058=EDGE_CURVE('',#1475,#1474,#1758,.T.);
#1059=EDGE_CURVE('',#1472,#1475,#1759,.T.);
#1060=EDGE_CURVE('',#1476,#1477,#1760,.T.);
#1061=EDGE_CURVE('',#1477,#1478,#1761,.T.);
#1062=EDGE_CURVE('',#1479,#1478,#1762,.T.);
#1063=EDGE_CURVE('',#1476,#1479,#1763,.T.);
#1064=EDGE_CURVE('',#1480,#1481,#1764,.T.);
#1065=EDGE_CURVE('',#1480,#1482,#1765,.T.);
#1066=EDGE_CURVE('',#1482,#1483,#1766,.T.);
#1067=EDGE_CURVE('',#1481,#1483,#1767,.T.);
#1068=EDGE_CURVE('',#1484,#1485,#1768,.T.);
#1069=EDGE_CURVE('',#1485,#1486,#1769,.T.);
#1070=EDGE_CURVE('',#1487,#1486,#1770,.T.);
#1071=EDGE_CURVE('',#1484,#1487,#1771,.T.);
#1072=EDGE_CURVE('',#1488,#1489,#1772,.T.);
#1073=EDGE_CURVE('',#1489,#1490,#1773,.T.);
#1074=EDGE_CURVE('',#1491,#1490,#1774,.T.);
#1075=EDGE_CURVE('',#1488,#1491,#1775,.T.);
#1076=EDGE_CURVE('',#1492,#1493,#1776,.T.);
#1077=EDGE_CURVE('',#1492,#1494,#1777,.T.);
#1078=EDGE_CURVE('',#1494,#1495,#1778,.T.);
#1079=EDGE_CURVE('',#1493,#1495,#1779,.T.);
#1080=EDGE_CURVE('',#1496,#1497,#1780,.T.);
#1081=EDGE_CURVE('',#1496,#1498,#1781,.T.);
#1082=EDGE_CURVE('',#1498,#1499,#1782,.T.);
#1083=EDGE_CURVE('',#1497,#1499,#1783,.T.);
#1084=EDGE_CURVE('',#1500,#1501,#1784,.T.);
#1085=EDGE_CURVE('',#1500,#1502,#1785,.T.);
#1086=EDGE_CURVE('',#1502,#1503,#1786,.T.);
#1087=EDGE_CURVE('',#1501,#1503,#1787,.T.);
#1088=EDGE_CURVE('',#1504,#1505,#1788,.T.);
#1089=EDGE_CURVE('',#1504,#1506,#1789,.T.);
#1090=EDGE_CURVE('',#1506,#1507,#1790,.T.);
#1091=EDGE_CURVE('',#1505,#1507,#1791,.T.);
#1092=EDGE_CURVE('',#1508,#1509,#1792,.T.);
#1093=EDGE_CURVE('',#1508,#1510,#1793,.T.);
#1094=EDGE_CURVE('',#1510,#1511,#1794,.T.);
#1095=EDGE_CURVE('',#1509,#1511,#1795,.T.);
#1096=EDGE_CURVE('',#1512,#1513,#1796,.T.);
#1097=EDGE_CURVE('',#1512,#1514,#1797,.T.);
#1098=EDGE_CURVE('',#1514,#1515,#1798,.T.);
#1099=EDGE_CURVE('',#1513,#1515,#1799,.T.);
#1100=EDGE_CURVE('',#1516,#1517,#1800,.T.);
#1101=EDGE_CURVE('',#1516,#1518,#1801,.T.);
#1102=EDGE_CURVE('',#1518,#1519,#1802,.T.);
#1103=EDGE_CURVE('',#1517,#1519,#1803,.T.);
#1104=EDGE_CURVE('',#1520,#1521,#1804,.T.);
#1105=EDGE_CURVE('',#1520,#1522,#1805,.T.);
#1106=EDGE_CURVE('',#1522,#1523,#1806,.T.);
#1107=EDGE_CURVE('',#1521,#1523,#1807,.T.);
#1108=EDGE_CURVE('',#1524,#1525,#1808,.T.);
#1109=EDGE_CURVE('',#1524,#1526,#1809,.T.);
#1110=EDGE_CURVE('',#1526,#1527,#1810,.T.);
#1111=EDGE_CURVE('',#1525,#1527,#1811,.T.);
#1112=EDGE_CURVE('',#1528,#1529,#1812,.T.);
#1113=EDGE_CURVE('',#1528,#1530,#1813,.T.);
#1114=EDGE_CURVE('',#1530,#1531,#1814,.T.);
#1115=EDGE_CURVE('',#1529,#1531,#1815,.T.);
#1116=EDGE_CURVE('',#1332,#1412,#1816,.T.);
#1117=EDGE_CURVE('',#1347,#1413,#1817,.T.);
#1118=EDGE_CURVE('',#1424,#1336,#1818,.T.);
#1119=EDGE_CURVE('',#1337,#1423,#1819,.T.);
#1120=EDGE_CURVE('',#1338,#1422,#1820,.T.);
#1121=EDGE_CURVE('',#1421,#1339,#1821,.T.);
#1122=EDGE_CURVE('',#1357,#1430,#1822,.T.);
#1123=EDGE_CURVE('',#1356,#1428,#1823,.T.);
#1124=EDGE_CURVE('',#1358,#1429,#1824,.T.);
#1125=EDGE_CURVE('',#1359,#1431,#1825,.T.);
#1126=EDGE_CURVE('',#1361,#1434,#1826,.T.);
#1127=EDGE_CURVE('',#1360,#1432,#1827,.T.);
#1128=EDGE_CURVE('',#1362,#1433,#1828,.T.);
#1129=EDGE_CURVE('',#1363,#1435,#1829,.T.);
#1130=EDGE_CURVE('',#1353,#1438,#1830,.T.);
#1131=EDGE_CURVE('',#1352,#1436,#1831,.T.);
#1132=EDGE_CURVE('',#1354,#1437,#1832,.T.);
#1133=EDGE_CURVE('',#1355,#1439,#1833,.T.);
#1134=EDGE_CURVE('',#1365,#1442,#1834,.T.);
#1135=EDGE_CURVE('',#1364,#1440,#1835,.T.);
#1136=EDGE_CURVE('',#1366,#1441,#1836,.T.);
#1137=EDGE_CURVE('',#1367,#1443,#1837,.T.);
#1138=EDGE_CURVE('',#1349,#1446,#1838,.T.);
#1139=EDGE_CURVE('',#1348,#1444,#1839,.T.);
#1140=EDGE_CURVE('',#1350,#1445,#1840,.T.);
#1141=EDGE_CURVE('',#1351,#1447,#1841,.T.);
#1142=EDGE_CURVE('',#1333,#1427,#1842,.T.);
#1143=EDGE_CURVE('',#1334,#1426,#1843,.T.);
#1144=EDGE_CURVE('',#1425,#1335,#1844,.T.);
#1145=EDGE_CURVE('',#1369,#1450,#1845,.T.);
#1146=EDGE_CURVE('',#1368,#1448,#1846,.T.);
#1147=EDGE_CURVE('',#1370,#1449,#1847,.T.);
#1148=EDGE_CURVE('',#1371,#1451,#1848,.T.);
#1149=EDGE_CURVE('',#1329,#1454,#1849,.T.);
#1150=EDGE_CURVE('',#1328,#1452,#1850,.T.);
#1151=EDGE_CURVE('',#1330,#1453,#1851,.T.);
#1152=EDGE_CURVE('',#1331,#1455,#1852,.T.);
#1153=EDGE_CURVE('',#1373,#1458,#1853,.T.);
#1154=EDGE_CURVE('',#1372,#1456,#1854,.T.);
#1155=EDGE_CURVE('',#1374,#1457,#1855,.T.);
#1156=EDGE_CURVE('',#1375,#1459,#1856,.T.);
#1157=EDGE_CURVE('',#1325,#1462,#1857,.T.);
#1158=EDGE_CURVE('',#1324,#1460,#1858,.T.);
#1159=EDGE_CURVE('',#1326,#1461,#1859,.T.);
#1160=EDGE_CURVE('',#1327,#1463,#1860,.T.);
#1161=EDGE_CURVE('',#1377,#1466,#1861,.T.);
#1162=EDGE_CURVE('',#1376,#1464,#1862,.T.);
#1163=EDGE_CURVE('',#1378,#1465,#1863,.T.);
#1164=EDGE_CURVE('',#1379,#1467,#1864,.T.);
#1165=EDGE_CURVE('',#1321,#1470,#1865,.T.);
#1166=EDGE_CURVE('',#1320,#1468,#1866,.T.);
#1167=EDGE_CURVE('',#1322,#1469,#1867,.T.);
#1168=EDGE_CURVE('',#1323,#1471,#1868,.T.);
#1169=EDGE_CURVE('',#1317,#1474,#1869,.T.);
#1170=EDGE_CURVE('',#1316,#1473,#1870,.T.);
#1171=EDGE_CURVE('',#1318,#1472,#1871,.T.);
#1172=EDGE_CURVE('',#1319,#1475,#1872,.T.);
#1173=EDGE_CURVE('',#1381,#1478,#1873,.T.);
#1174=EDGE_CURVE('',#1380,#1477,#1874,.T.);
#1175=EDGE_CURVE('',#1382,#1476,#1875,.T.);
#1176=EDGE_CURVE('',#1383,#1479,#1876,.T.);
#1177=EDGE_CURVE('',#1313,#1482,#1877,.T.);
#1178=EDGE_CURVE('',#1312,#1480,#1878,.T.);
#1179=EDGE_CURVE('',#1314,#1481,#1879,.T.);
#1180=EDGE_CURVE('',#1315,#1483,#1880,.T.);
#1181=EDGE_CURVE('',#1385,#1486,#1881,.T.);
#1182=EDGE_CURVE('',#1384,#1485,#1882,.T.);
#1183=EDGE_CURVE('',#1386,#1484,#1883,.T.);
#1184=EDGE_CURVE('',#1387,#1487,#1884,.T.);
#1185=EDGE_CURVE('',#1389,#1490,#1885,.T.);
#1186=EDGE_CURVE('',#1388,#1489,#1886,.T.);
#1187=EDGE_CURVE('',#1390,#1488,#1887,.T.);
#1188=EDGE_CURVE('',#1391,#1491,#1888,.T.);
#1189=EDGE_CURVE('',#1416,#1344,#1889,.T.);
#1190=EDGE_CURVE('',#1345,#1415,#1890,.T.);
#1191=EDGE_CURVE('',#1346,#1414,#1891,.T.);
#1192=EDGE_CURVE('',#1393,#1494,#1892,.T.);
#1193=EDGE_CURVE('',#1392,#1492,#1893,.T.);
#1194=EDGE_CURVE('',#1394,#1493,#1894,.T.);
#1195=EDGE_CURVE('',#1395,#1495,#1895,.T.);
#1196=EDGE_CURVE('',#1309,#1498,#1896,.T.);
#1197=EDGE_CURVE('',#1308,#1496,#1897,.T.);
#1198=EDGE_CURVE('',#1310,#1497,#1898,.T.);
#1199=EDGE_CURVE('',#1311,#1499,#1899,.T.);
#1200=EDGE_CURVE('',#1397,#1502,#1900,.T.);
#1201=EDGE_CURVE('',#1396,#1500,#1901,.T.);
#1202=EDGE_CURVE('',#1398,#1501,#1902,.T.);
#1203=EDGE_CURVE('',#1399,#1503,#1903,.T.);
#1204=EDGE_CURVE('',#1305,#1506,#1904,.T.);
#1205=EDGE_CURVE('',#1304,#1504,#1905,.T.);
#1206=EDGE_CURVE('',#1306,#1505,#1906,.T.);
#1207=EDGE_CURVE('',#1307,#1507,#1907,.T.);
#1208=EDGE_CURVE('',#1401,#1510,#1908,.T.);
#1209=EDGE_CURVE('',#1400,#1508,#1909,.T.);
#1210=EDGE_CURVE('',#1402,#1509,#1910,.T.);
#1211=EDGE_CURVE('',#1403,#1511,#1911,.T.);
#1212=EDGE_CURVE('',#1301,#1514,#1912,.T.);
#1213=EDGE_CURVE('',#1300,#1512,#1913,.T.);
#1214=EDGE_CURVE('',#1302,#1513,#1914,.T.);
#1215=EDGE_CURVE('',#1303,#1515,#1915,.T.);
#1216=EDGE_CURVE('',#1420,#1340,#1916,.T.);
#1217=EDGE_CURVE('',#1341,#1419,#1917,.T.);
#1218=EDGE_CURVE('',#1342,#1418,#1918,.T.);
#1219=EDGE_CURVE('',#1417,#1343,#1919,.T.);
#1220=EDGE_CURVE('',#1297,#1518,#1920,.T.);
#1221=EDGE_CURVE('',#1296,#1516,#1921,.T.);
#1222=EDGE_CURVE('',#1298,#1517,#1922,.T.);
#1223=EDGE_CURVE('',#1299,#1519,#1923,.T.);
#1224=EDGE_CURVE('',#1405,#1522,#1924,.T.);
#1225=EDGE_CURVE('',#1404,#1520,#1925,.T.);
#1226=EDGE_CURVE('',#1406,#1521,#1926,.T.);
#1227=EDGE_CURVE('',#1407,#1523,#1927,.T.);
#1228=EDGE_CURVE('',#1293,#1526,#1928,.T.);
#1229=EDGE_CURVE('',#1292,#1524,#1929,.T.);
#1230=EDGE_CURVE('',#1294,#1525,#1930,.T.);
#1231=EDGE_CURVE('',#1295,#1527,#1931,.T.);
#1232=EDGE_CURVE('',#1409,#1530,#1932,.T.);
#1233=EDGE_CURVE('',#1408,#1528,#1933,.T.);
#1234=EDGE_CURVE('',#1410,#1529,#1934,.T.);
#1235=EDGE_CURVE('',#1411,#1531,#1935,.T.);
#1236=EDGE_CURVE('',#1532,#1533,#1936,.T.);
#1237=EDGE_CURVE('',#1534,#1532,#1937,.T.);
#1238=EDGE_CURVE('',#1534,#1535,#1938,.T.);
#1239=EDGE_CURVE('',#1535,#1533,#1939,.T.);
#1240=EDGE_CURVE('',#1536,#1289,#1940,.T.);
#1241=EDGE_CURVE('',#1537,#1536,#1941,.T.);
#1242=EDGE_CURVE('',#1537,#1288,#1942,.T.);
#1243=EDGE_CURVE('',#1537,#1538,#1943,.T.);
#1244=EDGE_CURVE('',#1538,#1290,#1944,.T.);
#1245=EDGE_CURVE('',#1538,#1539,#1945,.T.);
#1246=EDGE_CURVE('',#1539,#1291,#1946,.T.);
#1247=EDGE_CURVE('',#1536,#1539,#1947,.T.);
#1248=EDGE_CURVE('',#1540,#1277,#1948,.T.);
#1249=EDGE_CURVE('',#1541,#1540,#1949,.T.);
#1250=EDGE_CURVE('',#1541,#1276,#1950,.T.);
#1251=EDGE_CURVE('',#1541,#1542,#1951,.T.);
#1252=EDGE_CURVE('',#1542,#1278,#1952,.T.);
#1253=EDGE_CURVE('',#1542,#1543,#1953,.T.);
#1254=EDGE_CURVE('',#1543,#1279,#1954,.T.);
#1255=EDGE_CURVE('',#1540,#1543,#1955,.T.);
#1256=EDGE_CURVE('',#1544,#1532,#1956,.T.);
#1257=EDGE_CURVE('',#1545,#1544,#1957,.T.);
#1258=EDGE_CURVE('',#1545,#1534,#1958,.T.);
#1259=EDGE_CURVE('',#1545,#1546,#1959,.T.);
#1260=EDGE_CURVE('',#1546,#1535,#1960,.T.);
#1261=EDGE_CURVE('',#1546,#1547,#1961,.T.);
#1262=EDGE_CURVE('',#1547,#1533,#1962,.T.);
#1263=EDGE_CURVE('',#1544,#1547,#1963,.T.);
#1264=EDGE_CURVE('',#1548,#1280,#1964,.T.);
#1265=EDGE_CURVE('',#1549,#1548,#1965,.T.);
#1266=EDGE_CURVE('',#1549,#1282,#1966,.T.);
#1267=EDGE_CURVE('',#1549,#1550,#1967,.T.);
#1268=EDGE_CURVE('',#1550,#1283,#1968,.T.);
#1269=EDGE_CURVE('',#1550,#1551,#1969,.T.);
#1270=EDGE_CURVE('',#1551,#1281,#1970,.T.);
#1271=EDGE_CURVE('',#1548,#1551,#1971,.T.);
#1272=VERTEX_POINT('',#3964);
#1273=VERTEX_POINT('',#3965);
#1274=VERTEX_POINT('',#3967);
#1275=VERTEX_POINT('',#3969);
#1276=VERTEX_POINT('',#3972);
#1277=VERTEX_POINT('',#3973);
#1278=VERTEX_POINT('',#3975);
#1279=VERTEX_POINT('',#3977);
#1280=VERTEX_POINT('',#3981);
#1281=VERTEX_POINT('',#3982);
#1282=VERTEX_POINT('',#3984);
#1283=VERTEX_POINT('',#3986);
#1284=VERTEX_POINT('',#3989);
#1285=VERTEX_POINT('',#3990);
#1286=VERTEX_POINT('',#3992);
#1287=VERTEX_POINT('',#3994);
#1288=VERTEX_POINT('',#3997);
#1289=VERTEX_POINT('',#3998);
#1290=VERTEX_POINT('',#4000);
#1291=VERTEX_POINT('',#4002);
#1292=VERTEX_POINT('',#4006);
#1293=VERTEX_POINT('',#4007);
#1294=VERTEX_POINT('',#4009);
#1295=VERTEX_POINT('',#4011);
#1296=VERTEX_POINT('',#4014);
#1297=VERTEX_POINT('',#4015);
#1298=VERTEX_POINT('',#4017);
#1299=VERTEX_POINT('',#4019);
#1300=VERTEX_POINT('',#4022);
#1301=VERTEX_POINT('',#4023);
#1302=VERTEX_POINT('',#4025);
#1303=VERTEX_POINT('',#4027);
#1304=VERTEX_POINT('',#4030);
#1305=VERTEX_POINT('',#4031);
#1306=VERTEX_POINT('',#4033);
#1307=VERTEX_POINT('',#4035);
#1308=VERTEX_POINT('',#4038);
#1309=VERTEX_POINT('',#4039);
#1310=VERTEX_POINT('',#4041);
#1311=VERTEX_POINT('',#4043);
#1312=VERTEX_POINT('',#4046);
#1313=VERTEX_POINT('',#4047);
#1314=VERTEX_POINT('',#4049);
#1315=VERTEX_POINT('',#4051);
#1316=VERTEX_POINT('',#4054);
#1317=VERTEX_POINT('',#4055);
#1318=VERTEX_POINT('',#4057);
#1319=VERTEX_POINT('',#4059);
#1320=VERTEX_POINT('',#4062);
#1321=VERTEX_POINT('',#4063);
#1322=VERTEX_POINT('',#4065);
#1323=VERTEX_POINT('',#4067);
#1324=VERTEX_POINT('',#4070);
#1325=VERTEX_POINT('',#4071);
#1326=VERTEX_POINT('',#4073);
#1327=VERTEX_POINT('',#4075);
#1328=VERTEX_POINT('',#4078);
#1329=VERTEX_POINT('',#4079);
#1330=VERTEX_POINT('',#4081);
#1331=VERTEX_POINT('',#4083);
#1332=VERTEX_POINT('',#4086);
#1333=VERTEX_POINT('',#4088);
#1334=VERTEX_POINT('',#4090);
#1335=VERTEX_POINT('',#4092);
#1336=VERTEX_POINT('',#4094);
#1337=VERTEX_POINT('',#4096);
#1338=VERTEX_POINT('',#4098);
#1339=VERTEX_POINT('',#4100);
#1340=VERTEX_POINT('',#4102);
#1341=VERTEX_POINT('',#4104);
#1342=VERTEX_POINT('',#4106);
#1343=VERTEX_POINT('',#4108);
#1344=VERTEX_POINT('',#4110);
#1345=VERTEX_POINT('',#4112);
#1346=VERTEX_POINT('',#4114);
#1347=VERTEX_POINT('',#4117);
#1348=VERTEX_POINT('',#4120);
#1349=VERTEX_POINT('',#4121);
#1350=VERTEX_POINT('',#4123);
#1351=VERTEX_POINT('',#4125);
#1352=VERTEX_POINT('',#4128);
#1353=VERTEX_POINT('',#4129);
#1354=VERTEX_POINT('',#4131);
#1355=VERTEX_POINT('',#4133);
#1356=VERTEX_POINT('',#4136);
#1357=VERTEX_POINT('',#4137);
#1358=VERTEX_POINT('',#4139);
#1359=VERTEX_POINT('',#4141);
#1360=VERTEX_POINT('',#4144);
#1361=VERTEX_POINT('',#4145);
#1362=VERTEX_POINT('',#4147);
#1363=VERTEX_POINT('',#4149);
#1364=VERTEX_POINT('',#4152);
#1365=VERTEX_POINT('',#4153);
#1366=VERTEX_POINT('',#4155);
#1367=VERTEX_POINT('',#4157);
#1368=VERTEX_POINT('',#4160);
#1369=VERTEX_POINT('',#4161);
#1370=VERTEX_POINT('',#4163);
#1371=VERTEX_POINT('',#4165);
#1372=VERTEX_POINT('',#4168);
#1373=VERTEX_POINT('',#4169);
#1374=VERTEX_POINT('',#4171);
#1375=VERTEX_POINT('',#4173);
#1376=VERTEX_POINT('',#4176);
#1377=VERTEX_POINT('',#4177);
#1378=VERTEX_POINT('',#4179);
#1379=VERTEX_POINT('',#4181);
#1380=VERTEX_POINT('',#4184);
#1381=VERTEX_POINT('',#4185);
#1382=VERTEX_POINT('',#4187);
#1383=VERTEX_POINT('',#4189);
#1384=VERTEX_POINT('',#4192);
#1385=VERTEX_POINT('',#4193);
#1386=VERTEX_POINT('',#4195);
#1387=VERTEX_POINT('',#4197);
#1388=VERTEX_POINT('',#4200);
#1389=VERTEX_POINT('',#4201);
#1390=VERTEX_POINT('',#4203);
#1391=VERTEX_POINT('',#4205);
#1392=VERTEX_POINT('',#4208);
#1393=VERTEX_POINT('',#4209);
#1394=VERTEX_POINT('',#4211);
#1395=VERTEX_POINT('',#4213);
#1396=VERTEX_POINT('',#4216);
#1397=VERTEX_POINT('',#4217);
#1398=VERTEX_POINT('',#4219);
#1399=VERTEX_POINT('',#4221);
#1400=VERTEX_POINT('',#4224);
#1401=VERTEX_POINT('',#4225);
#1402=VERTEX_POINT('',#4227);
#1403=VERTEX_POINT('',#4229);
#1404=VERTEX_POINT('',#4232);
#1405=VERTEX_POINT('',#4233);
#1406=VERTEX_POINT('',#4235);
#1407=VERTEX_POINT('',#4237);
#1408=VERTEX_POINT('',#4240);
#1409=VERTEX_POINT('',#4241);
#1410=VERTEX_POINT('',#4243);
#1411=VERTEX_POINT('',#4245);
#1412=VERTEX_POINT('',#4249);
#1413=VERTEX_POINT('',#4251);
#1414=VERTEX_POINT('',#4254);
#1415=VERTEX_POINT('',#4256);
#1416=VERTEX_POINT('',#4258);
#1417=VERTEX_POINT('',#4260);
#1418=VERTEX_POINT('',#4262);
#1419=VERTEX_POINT('',#4264);
#1420=VERTEX_POINT('',#4266);
#1421=VERTEX_POINT('',#4268);
#1422=VERTEX_POINT('',#4270);
#1423=VERTEX_POINT('',#4272);
#1424=VERTEX_POINT('',#4274);
#1425=VERTEX_POINT('',#4276);
#1426=VERTEX_POINT('',#4278);
#1427=VERTEX_POINT('',#4280);
#1428=VERTEX_POINT('',#4283);
#1429=VERTEX_POINT('',#4284);
#1430=VERTEX_POINT('',#4286);
#1431=VERTEX_POINT('',#4288);
#1432=VERTEX_POINT('',#4291);
#1433=VERTEX_POINT('',#4292);
#1434=VERTEX_POINT('',#4294);
#1435=VERTEX_POINT('',#4296);
#1436=VERTEX_POINT('',#4299);
#1437=VERTEX_POINT('',#4300);
#1438=VERTEX_POINT('',#4302);
#1439=VERTEX_POINT('',#4304);
#1440=VERTEX_POINT('',#4307);
#1441=VERTEX_POINT('',#4308);
#1442=VERTEX_POINT('',#4310);
#1443=VERTEX_POINT('',#4312);
#1444=VERTEX_POINT('',#4315);
#1445=VERTEX_POINT('',#4316);
#1446=VERTEX_POINT('',#4318);
#1447=VERTEX_POINT('',#4320);
#1448=VERTEX_POINT('',#4323);
#1449=VERTEX_POINT('',#4324);
#1450=VERTEX_POINT('',#4326);
#1451=VERTEX_POINT('',#4328);
#1452=VERTEX_POINT('',#4331);
#1453=VERTEX_POINT('',#4332);
#1454=VERTEX_POINT('',#4334);
#1455=VERTEX_POINT('',#4336);
#1456=VERTEX_POINT('',#4339);
#1457=VERTEX_POINT('',#4340);
#1458=VERTEX_POINT('',#4342);
#1459=VERTEX_POINT('',#4344);
#1460=VERTEX_POINT('',#4347);
#1461=VERTEX_POINT('',#4348);
#1462=VERTEX_POINT('',#4350);
#1463=VERTEX_POINT('',#4352);
#1464=VERTEX_POINT('',#4355);
#1465=VERTEX_POINT('',#4356);
#1466=VERTEX_POINT('',#4358);
#1467=VERTEX_POINT('',#4360);
#1468=VERTEX_POINT('',#4363);
#1469=VERTEX_POINT('',#4364);
#1470=VERTEX_POINT('',#4366);
#1471=VERTEX_POINT('',#4368);
#1472=VERTEX_POINT('',#4371);
#1473=VERTEX_POINT('',#4372);
#1474=VERTEX_POINT('',#4374);
#1475=VERTEX_POINT('',#4376);
#1476=VERTEX_POINT('',#4379);
#1477=VERTEX_POINT('',#4380);
#1478=VERTEX_POINT('',#4382);
#1479=VERTEX_POINT('',#4384);
#1480=VERTEX_POINT('',#4387);
#1481=VERTEX_POINT('',#4388);
#1482=VERTEX_POINT('',#4390);
#1483=VERTEX_POINT('',#4392);
#1484=VERTEX_POINT('',#4395);
#1485=VERTEX_POINT('',#4396);
#1486=VERTEX_POINT('',#4398);
#1487=VERTEX_POINT('',#4400);
#1488=VERTEX_POINT('',#4403);
#1489=VERTEX_POINT('',#4404);
#1490=VERTEX_POINT('',#4406);
#1491=VERTEX_POINT('',#4408);
#1492=VERTEX_POINT('',#4411);
#1493=VERTEX_POINT('',#4412);
#1494=VERTEX_POINT('',#4414);
#1495=VERTEX_POINT('',#4416);
#1496=VERTEX_POINT('',#4419);
#1497=VERTEX_POINT('',#4420);
#1498=VERTEX_POINT('',#4422);
#1499=VERTEX_POINT('',#4424);
#1500=VERTEX_POINT('',#4427);
#1501=VERTEX_POINT('',#4428);
#1502=VERTEX_POINT('',#4430);
#1503=VERTEX_POINT('',#4432);
#1504=VERTEX_POINT('',#4435);
#1505=VERTEX_POINT('',#4436);
#1506=VERTEX_POINT('',#4438);
#1507=VERTEX_POINT('',#4440);
#1508=VERTEX_POINT('',#4443);
#1509=VERTEX_POINT('',#4444);
#1510=VERTEX_POINT('',#4446);
#1511=VERTEX_POINT('',#4448);
#1512=VERTEX_POINT('',#4451);
#1513=VERTEX_POINT('',#4452);
#1514=VERTEX_POINT('',#4454);
#1515=VERTEX_POINT('',#4456);
#1516=VERTEX_POINT('',#4459);
#1517=VERTEX_POINT('',#4460);
#1518=VERTEX_POINT('',#4462);
#1519=VERTEX_POINT('',#4464);
#1520=VERTEX_POINT('',#4467);
#1521=VERTEX_POINT('',#4468);
#1522=VERTEX_POINT('',#4470);
#1523=VERTEX_POINT('',#4472);
#1524=VERTEX_POINT('',#4475);
#1525=VERTEX_POINT('',#4476);
#1526=VERTEX_POINT('',#4478);
#1527=VERTEX_POINT('',#4480);
#1528=VERTEX_POINT('',#4483);
#1529=VERTEX_POINT('',#4484);
#1530=VERTEX_POINT('',#4486);
#1531=VERTEX_POINT('',#4488);
#1532=VERTEX_POINT('',#4732);
#1533=VERTEX_POINT('',#4733);
#1534=VERTEX_POINT('',#4735);
#1535=VERTEX_POINT('',#4737);
#1536=VERTEX_POINT('',#4742);
#1537=VERTEX_POINT('',#4744);
#1538=VERTEX_POINT('',#4748);
#1539=VERTEX_POINT('',#4752);
#1540=VERTEX_POINT('',#4759);
#1541=VERTEX_POINT('',#4761);
#1542=VERTEX_POINT('',#4765);
#1543=VERTEX_POINT('',#4769);
#1544=VERTEX_POINT('',#4776);
#1545=VERTEX_POINT('',#4778);
#1546=VERTEX_POINT('',#4782);
#1547=VERTEX_POINT('',#4786);
#1548=VERTEX_POINT('',#4793);
#1549=VERTEX_POINT('',#4795);
#1550=VERTEX_POINT('',#4799);
#1551=VERTEX_POINT('',#4803);
#1552=LINE('',#3963,#1972);
#1553=LINE('',#3966,#1973);
#1554=LINE('',#3968,#1974);
#1555=LINE('',#3970,#1975);
#1556=LINE('',#3971,#1976);
#1557=LINE('',#3974,#1977);
#1558=LINE('',#3976,#1978);
#1559=LINE('',#3978,#1979);
#1560=LINE('',#3980,#1980);
#1561=LINE('',#3983,#1981);
#1562=LINE('',#3985,#1982);
#1563=LINE('',#3987,#1983);
#1564=LINE('',#3988,#1984);
#1565=LINE('',#3991,#1985);
#1566=LINE('',#3993,#1986);
#1567=LINE('',#3995,#1987);
#1568=LINE('',#3996,#1988);
#1569=LINE('',#3999,#1989);
#1570=LINE('',#4001,#1990);
#1571=LINE('',#4003,#1991);
#1572=LINE('',#4005,#1992);
#1573=LINE('',#4008,#1993);
#1574=LINE('',#4010,#1994);
#1575=LINE('',#4012,#1995);
#1576=LINE('',#4013,#1996);
#1577=LINE('',#4016,#1997);
#1578=LINE('',#4018,#1998);
#1579=LINE('',#4020,#1999);
#1580=LINE('',#4021,#2000);
#1581=LINE('',#4024,#2001);
#1582=LINE('',#4026,#2002);
#1583=LINE('',#4028,#2003);
#1584=LINE('',#4029,#2004);
#1585=LINE('',#4032,#2005);
#1586=LINE('',#4034,#2006);
#1587=LINE('',#4036,#2007);
#1588=LINE('',#4037,#2008);
#1589=LINE('',#4040,#2009);
#1590=LINE('',#4042,#2010);
#1591=LINE('',#4044,#2011);
#1592=LINE('',#4045,#2012);
#1593=LINE('',#4048,#2013);
#1594=LINE('',#4050,#2014);
#1595=LINE('',#4052,#2015);
#1596=LINE('',#4053,#2016);
#1597=LINE('',#4056,#2017);
#1598=LINE('',#4058,#2018);
#1599=LINE('',#4060,#2019);
#1600=LINE('',#4061,#2020);
#1601=LINE('',#4064,#2021);
#1602=LINE('',#4066,#2022);
#1603=LINE('',#4068,#2023);
#1604=LINE('',#4069,#2024);
#1605=LINE('',#4072,#2025);
#1606=LINE('',#4074,#2026);
#1607=LINE('',#4076,#2027);
#1608=LINE('',#4077,#2028);
#1609=LINE('',#4080,#2029);
#1610=LINE('',#4082,#2030);
#1611=LINE('',#4084,#2031);
#1612=LINE('',#4085,#2032);
#1613=LINE('',#4087,#2033);
#1614=LINE('',#4089,#2034);
#1615=LINE('',#4091,#2035);
#1616=LINE('',#4093,#2036);
#1617=LINE('',#4095,#2037);
#1618=LINE('',#4097,#2038);
#1619=LINE('',#4099,#2039);
#1620=LINE('',#4101,#2040);
#1621=LINE('',#4103,#2041);
#1622=LINE('',#4105,#2042);
#1623=LINE('',#4107,#2043);
#1624=LINE('',#4109,#2044);
#1625=LINE('',#4111,#2045);
#1626=LINE('',#4113,#2046);
#1627=LINE('',#4115,#2047);
#1628=LINE('',#4116,#2048);
#1629=LINE('',#4118,#2049);
#1630=LINE('',#4119,#2050);
#1631=LINE('',#4122,#2051);
#1632=LINE('',#4124,#2052);
#1633=LINE('',#4126,#2053);
#1634=LINE('',#4127,#2054);
#1635=LINE('',#4130,#2055);
#1636=LINE('',#4132,#2056);
#1637=LINE('',#4134,#2057);
#1638=LINE('',#4135,#2058);
#1639=LINE('',#4138,#2059);
#1640=LINE('',#4140,#2060);
#1641=LINE('',#4142,#2061);
#1642=LINE('',#4143,#2062);
#1643=LINE('',#4146,#2063);
#1644=LINE('',#4148,#2064);
#1645=LINE('',#4150,#2065);
#1646=LINE('',#4151,#2066);
#1647=LINE('',#4154,#2067);
#1648=LINE('',#4156,#2068);
#1649=LINE('',#4158,#2069);
#1650=LINE('',#4159,#2070);
#1651=LINE('',#4162,#2071);
#1652=LINE('',#4164,#2072);
#1653=LINE('',#4166,#2073);
#1654=LINE('',#4167,#2074);
#1655=LINE('',#4170,#2075);
#1656=LINE('',#4172,#2076);
#1657=LINE('',#4174,#2077);
#1658=LINE('',#4175,#2078);
#1659=LINE('',#4178,#2079);
#1660=LINE('',#4180,#2080);
#1661=LINE('',#4182,#2081);
#1662=LINE('',#4183,#2082);
#1663=LINE('',#4186,#2083);
#1664=LINE('',#4188,#2084);
#1665=LINE('',#4190,#2085);
#1666=LINE('',#4191,#2086);
#1667=LINE('',#4194,#2087);
#1668=LINE('',#4196,#2088);
#1669=LINE('',#4198,#2089);
#1670=LINE('',#4199,#2090);
#1671=LINE('',#4202,#2091);
#1672=LINE('',#4204,#2092);
#1673=LINE('',#4206,#2093);
#1674=LINE('',#4207,#2094);
#1675=LINE('',#4210,#2095);
#1676=LINE('',#4212,#2096);
#1677=LINE('',#4214,#2097);
#1678=LINE('',#4215,#2098);
#1679=LINE('',#4218,#2099);
#1680=LINE('',#4220,#2100);
#1681=LINE('',#4222,#2101);
#1682=LINE('',#4223,#2102);
#1683=LINE('',#4226,#2103);
#1684=LINE('',#4228,#2104);
#1685=LINE('',#4230,#2105);
#1686=LINE('',#4231,#2106);
#1687=LINE('',#4234,#2107);
#1688=LINE('',#4236,#2108);
#1689=LINE('',#4238,#2109);
#1690=LINE('',#4239,#2110);
#1691=LINE('',#4242,#2111);
#1692=LINE('',#4244,#2112);
#1693=LINE('',#4246,#2113);
#1694=LINE('',#4248,#2114);
#1695=LINE('',#4250,#2115);
#1696=LINE('',#4252,#2116);
#1697=LINE('',#4253,#2117);
#1698=LINE('',#4255,#2118);
#1699=LINE('',#4257,#2119);
#1700=LINE('',#4259,#2120);
#1701=LINE('',#4261,#2121);
#1702=LINE('',#4263,#2122);
#1703=LINE('',#4265,#2123);
#1704=LINE('',#4267,#2124);
#1705=LINE('',#4269,#2125);
#1706=LINE('',#4271,#2126);
#1707=LINE('',#4273,#2127);
#1708=LINE('',#4275,#2128);
#1709=LINE('',#4277,#2129);
#1710=LINE('',#4279,#2130);
#1711=LINE('',#4281,#2131);
#1712=LINE('',#4282,#2132);
#1713=LINE('',#4285,#2133);
#1714=LINE('',#4287,#2134);
#1715=LINE('',#4289,#2135);
#1716=LINE('',#4290,#2136);
#1717=LINE('',#4293,#2137);
#1718=LINE('',#4295,#2138);
#1719=LINE('',#4297,#2139);
#1720=LINE('',#4298,#2140);
#1721=LINE('',#4301,#2141);
#1722=LINE('',#4303,#2142);
#1723=LINE('',#4305,#2143);
#1724=LINE('',#4306,#2144);
#1725=LINE('',#4309,#2145);
#1726=LINE('',#4311,#2146);
#1727=LINE('',#4313,#2147);
#1728=LINE('',#4314,#2148);
#1729=LINE('',#4317,#2149);
#1730=LINE('',#4319,#2150);
#1731=LINE('',#4321,#2151);
#1732=LINE('',#4322,#2152);
#1733=LINE('',#4325,#2153);
#1734=LINE('',#4327,#2154);
#1735=LINE('',#4329,#2155);
#1736=LINE('',#4330,#2156);
#1737=LINE('',#4333,#2157);
#1738=LINE('',#4335,#2158);
#1739=LINE('',#4337,#2159);
#1740=LINE('',#4338,#2160);
#1741=LINE('',#4341,#2161);
#1742=LINE('',#4343,#2162);
#1743=LINE('',#4345,#2163);
#1744=LINE('',#4346,#2164);
#1745=LINE('',#4349,#2165);
#1746=LINE('',#4351,#2166);
#1747=LINE('',#4353,#2167);
#1748=LINE('',#4354,#2168);
#1749=LINE('',#4357,#2169);
#1750=LINE('',#4359,#2170);
#1751=LINE('',#4361,#2171);
#1752=LINE('',#4362,#2172);
#1753=LINE('',#4365,#2173);
#1754=LINE('',#4367,#2174);
#1755=LINE('',#4369,#2175);
#1756=LINE('',#4370,#2176);
#1757=LINE('',#4373,#2177);
#1758=LINE('',#4375,#2178);
#1759=LINE('',#4377,#2179);
#1760=LINE('',#4378,#2180);
#1761=LINE('',#4381,#2181);
#1762=LINE('',#4383,#2182);
#1763=LINE('',#4385,#2183);
#1764=LINE('',#4386,#2184);
#1765=LINE('',#4389,#2185);
#1766=LINE('',#4391,#2186);
#1767=LINE('',#4393,#2187);
#1768=LINE('',#4394,#2188);
#1769=LINE('',#4397,#2189);
#1770=LINE('',#4399,#2190);
#1771=LINE('',#4401,#2191);
#1772=LINE('',#4402,#2192);
#1773=LINE('',#4405,#2193);
#1774=LINE('',#4407,#2194);
#1775=LINE('',#4409,#2195);
#1776=LINE('',#4410,#2196);
#1777=LINE('',#4413,#2197);
#1778=LINE('',#4415,#2198);
#1779=LINE('',#4417,#2199);
#1780=LINE('',#4418,#2200);
#1781=LINE('',#4421,#2201);
#1782=LINE('',#4423,#2202);
#1783=LINE('',#4425,#2203);
#1784=LINE('',#4426,#2204);
#1785=LINE('',#4429,#2205);
#1786=LINE('',#4431,#2206);
#1787=LINE('',#4433,#2207);
#1788=LINE('',#4434,#2208);
#1789=LINE('',#4437,#2209);
#1790=LINE('',#4439,#2210);
#1791=LINE('',#4441,#2211);
#1792=LINE('',#4442,#2212);
#1793=LINE('',#4445,#2213);
#1794=LINE('',#4447,#2214);
#1795=LINE('',#4449,#2215);
#1796=LINE('',#4450,#2216);
#1797=LINE('',#4453,#2217);
#1798=LINE('',#4455,#2218);
#1799=LINE('',#4457,#2219);
#1800=LINE('',#4458,#2220);
#1801=LINE('',#4461,#2221);
#1802=LINE('',#4463,#2222);
#1803=LINE('',#4465,#2223);
#1804=LINE('',#4466,#2224);
#1805=LINE('',#4469,#2225);
#1806=LINE('',#4471,#2226);
#1807=LINE('',#4473,#2227);
#1808=LINE('',#4474,#2228);
#1809=LINE('',#4477,#2229);
#1810=LINE('',#4479,#2230);
#1811=LINE('',#4481,#2231);
#1812=LINE('',#4482,#2232);
#1813=LINE('',#4485,#2233);
#1814=LINE('',#4487,#2234);
#1815=LINE('',#4489,#2235);
#1816=LINE('',#4491,#2236);
#1817=LINE('',#4492,#2237);
#1818=LINE('',#4496,#2238);
#1819=LINE('',#4497,#2239);
#1820=LINE('',#4499,#2240);
#1821=LINE('',#4501,#2241);
#1822=LINE('',#4503,#2242);
#1823=LINE('',#4504,#2243);
#1824=LINE('',#4506,#2244);
#1825=LINE('',#4508,#2245);
#1826=LINE('',#4511,#2246);
#1827=LINE('',#4512,#2247);
#1828=LINE('',#4514,#2248);
#1829=LINE('',#4516,#2249);
#1830=LINE('',#4519,#2250);
#1831=LINE('',#4520,#2251);
#1832=LINE('',#4522,#2252);
#1833=LINE('',#4524,#2253);
#1834=LINE('',#4527,#2254);
#1835=LINE('',#4528,#2255);
#1836=LINE('',#4530,#2256);
#1837=LINE('',#4532,#2257);
#1838=LINE('',#4535,#2258);
#1839=LINE('',#4536,#2259);
#1840=LINE('',#4538,#2260);
#1841=LINE('',#4540,#2261);
#1842=LINE('',#4543,#2262);
#1843=LINE('',#4545,#2263);
#1844=LINE('',#4547,#2264);
#1845=LINE('',#4549,#2265);
#1846=LINE('',#4550,#2266);
#1847=LINE('',#4552,#2267);
#1848=LINE('',#4554,#2268);
#1849=LINE('',#4557,#2269);
#1850=LINE('',#4558,#2270);
#1851=LINE('',#4560,#2271);
#1852=LINE('',#4562,#2272);
#1853=LINE('',#4565,#2273);
#1854=LINE('',#4566,#2274);
#1855=LINE('',#4568,#2275);
#1856=LINE('',#4570,#2276);
#1857=LINE('',#4573,#2277);
#1858=LINE('',#4574,#2278);
#1859=LINE('',#4576,#2279);
#1860=LINE('',#4578,#2280);
#1861=LINE('',#4581,#2281);
#1862=LINE('',#4582,#2282);
#1863=LINE('',#4584,#2283);
#1864=LINE('',#4586,#2284);
#1865=LINE('',#4589,#2285);
#1866=LINE('',#4590,#2286);
#1867=LINE('',#4592,#2287);
#1868=LINE('',#4594,#2288);
#1869=LINE('',#4597,#2289);
#1870=LINE('',#4598,#2290);
#1871=LINE('',#4600,#2291);
#1872=LINE('',#4602,#2292);
#1873=LINE('',#4605,#2293);
#1874=LINE('',#4606,#2294);
#1875=LINE('',#4608,#2295);
#1876=LINE('',#4610,#2296);
#1877=LINE('',#4613,#2297);
#1878=LINE('',#4614,#2298);
#1879=LINE('',#4616,#2299);
#1880=LINE('',#4618,#2300);
#1881=LINE('',#4621,#2301);
#1882=LINE('',#4622,#2302);
#1883=LINE('',#4624,#2303);
#1884=LINE('',#4626,#2304);
#1885=LINE('',#4629,#2305);
#1886=LINE('',#4630,#2306);
#1887=LINE('',#4632,#2307);
#1888=LINE('',#4634,#2308);
#1889=LINE('',#4637,#2309);
#1890=LINE('',#4638,#2310);
#1891=LINE('',#4640,#2311);
#1892=LINE('',#4643,#2312);
#1893=LINE('',#4644,#2313);
#1894=LINE('',#4646,#2314);
#1895=LINE('',#4648,#2315);
#1896=LINE('',#4651,#2316);
#1897=LINE('',#4652,#2317);
#1898=LINE('',#4654,#2318);
#1899=LINE('',#4656,#2319);
#1900=LINE('',#4659,#2320);
#1901=LINE('',#4660,#2321);
#1902=LINE('',#4662,#2322);
#1903=LINE('',#4664,#2323);
#1904=LINE('',#4667,#2324);
#1905=LINE('',#4668,#2325);
#1906=LINE('',#4670,#2326);
#1907=LINE('',#4672,#2327);
#1908=LINE('',#4675,#2328);
#1909=LINE('',#4676,#2329);
#1910=LINE('',#4678,#2330);
#1911=LINE('',#4680,#2331);
#1912=LINE('',#4683,#2332);
#1913=LINE('',#4684,#2333);
#1914=LINE('',#4686,#2334);
#1915=LINE('',#4688,#2335);
#1916=LINE('',#4691,#2336);
#1917=LINE('',#4692,#2337);
#1918=LINE('',#4694,#2338);
#1919=LINE('',#4696,#2339);
#1920=LINE('',#4698,#2340);
#1921=LINE('',#4699,#2341);
#1922=LINE('',#4701,#2342);
#1923=LINE('',#4703,#2343);
#1924=LINE('',#4706,#2344);
#1925=LINE('',#4707,#2345);
#1926=LINE('',#4709,#2346);
#1927=LINE('',#4711,#2347);
#1928=LINE('',#4714,#2348);
#1929=LINE('',#4715,#2349);
#1930=LINE('',#4717,#2350);
#1931=LINE('',#4719,#2351);
#1932=LINE('',#4722,#2352);
#1933=LINE('',#4723,#2353);
#1934=LINE('',#4725,#2354);
#1935=LINE('',#4727,#2355);
#1936=LINE('',#4731,#2356);
#1937=LINE('',#4734,#2357);
#1938=LINE('',#4736,#2358);
#1939=LINE('',#4738,#2359);
#1940=LINE('',#4741,#2360);
#1941=LINE('',#4743,#2361);
#1942=LINE('',#4745,#2362);
#1943=LINE('',#4747,#2363);
#1944=LINE('',#4749,#2364);
#1945=LINE('',#4751,#2365);
#1946=LINE('',#4753,#2366);
#1947=LINE('',#4755,#2367);
#1948=LINE('',#4758,#2368);
#1949=LINE('',#4760,#2369);
#1950=LINE('',#4762,#2370);
#1951=LINE('',#4764,#2371);
#1952=LINE('',#4766,#2372);
#1953=LINE('',#4768,#2373);
#1954=LINE('',#4770,#2374);
#1955=LINE('',#4772,#2375);
#1956=LINE('',#4775,#2376);
#1957=LINE('',#4777,#2377);
#1958=LINE('',#4779,#2378);
#1959=LINE('',#4781,#2379);
#1960=LINE('',#4783,#2380);
#1961=LINE('',#4785,#2381);
#1962=LINE('',#4787,#2382);
#1963=LINE('',#4789,#2383);
#1964=LINE('',#4792,#2384);
#1965=LINE('',#4794,#2385);
#1966=LINE('',#4796,#2386);
#1967=LINE('',#4798,#2387);
#1968=LINE('',#4800,#2388);
#1969=LINE('',#4802,#2389);
#1970=LINE('',#4804,#2390);
#1971=LINE('',#4806,#2391);
#1972=VECTOR('',#3251,1000.);
#1973=VECTOR('',#3252,1000.);
#1974=VECTOR('',#3253,1000.);
#1975=VECTOR('',#3254,1000.);
#1976=VECTOR('',#3255,1000.);
#1977=VECTOR('',#3256,1000.);
#1978=VECTOR('',#3257,1000.);
#1979=VECTOR('',#3258,1000.);
#1980=VECTOR('',#3261,1000.);
#1981=VECTOR('',#3262,1000.);
#1982=VECTOR('',#3263,1000.);
#1983=VECTOR('',#3264,1000.);
#1984=VECTOR('',#3265,1000.);
#1985=VECTOR('',#3266,1000.);
#1986=VECTOR('',#3267,1000.);
#1987=VECTOR('',#3268,1000.);
#1988=VECTOR('',#3269,1000.);
#1989=VECTOR('',#3270,1000.);
#1990=VECTOR('',#3271,1000.);
#1991=VECTOR('',#3272,1000.);
#1992=VECTOR('',#3275,1000.);
#1993=VECTOR('',#3276,1000.);
#1994=VECTOR('',#3277,1000.);
#1995=VECTOR('',#3278,1000.);
#1996=VECTOR('',#3279,1000.);
#1997=VECTOR('',#3280,1000.);
#1998=VECTOR('',#3281,1000.);
#1999=VECTOR('',#3282,1000.);
#2000=VECTOR('',#3283,1000.);
#2001=VECTOR('',#3284,1000.);
#2002=VECTOR('',#3285,1000.);
#2003=VECTOR('',#3286,1000.);
#2004=VECTOR('',#3287,1000.);
#2005=VECTOR('',#3288,1000.);
#2006=VECTOR('',#3289,1000.);
#2007=VECTOR('',#3290,1000.);
#2008=VECTOR('',#3291,1000.);
#2009=VECTOR('',#3292,1000.);
#2010=VECTOR('',#3293,1000.);
#2011=VECTOR('',#3294,1000.);
#2012=VECTOR('',#3295,1000.);
#2013=VECTOR('',#3296,1000.);
#2014=VECTOR('',#3297,1000.);
#2015=VECTOR('',#3298,1000.);
#2016=VECTOR('',#3299,1000.);
#2017=VECTOR('',#3300,1000.);
#2018=VECTOR('',#3301,1000.);
#2019=VECTOR('',#3302,1000.);
#2020=VECTOR('',#3303,1000.);
#2021=VECTOR('',#3304,1000.);
#2022=VECTOR('',#3305,1000.);
#2023=VECTOR('',#3306,1000.);
#2024=VECTOR('',#3307,1000.);
#2025=VECTOR('',#3308,1000.);
#2026=VECTOR('',#3309,1000.);
#2027=VECTOR('',#3310,1000.);
#2028=VECTOR('',#3311,1000.);
#2029=VECTOR('',#3312,1000.);
#2030=VECTOR('',#3313,1000.);
#2031=VECTOR('',#3314,1000.);
#2032=VECTOR('',#3315,1000.);
#2033=VECTOR('',#3316,1000.);
#2034=VECTOR('',#3317,1000.);
#2035=VECTOR('',#3318,1000.);
#2036=VECTOR('',#3319,1000.);
#2037=VECTOR('',#3320,1000.);
#2038=VECTOR('',#3321,1000.);
#2039=VECTOR('',#3322,1000.);
#2040=VECTOR('',#3323,1000.);
#2041=VECTOR('',#3324,1000.);
#2042=VECTOR('',#3325,1000.);
#2043=VECTOR('',#3326,1000.);
#2044=VECTOR('',#3327,1000.);
#2045=VECTOR('',#3328,1000.);
#2046=VECTOR('',#3329,1000.);
#2047=VECTOR('',#3330,1000.);
#2048=VECTOR('',#3331,1000.);
#2049=VECTOR('',#3332,1000.);
#2050=VECTOR('',#3333,1000.);
#2051=VECTOR('',#3334,1000.);
#2052=VECTOR('',#3335,1000.);
#2053=VECTOR('',#3336,1000.);
#2054=VECTOR('',#3337,1000.);
#2055=VECTOR('',#3338,1000.);
#2056=VECTOR('',#3339,1000.);
#2057=VECTOR('',#3340,1000.);
#2058=VECTOR('',#3341,1000.);
#2059=VECTOR('',#3342,1000.);
#2060=VECTOR('',#3343,1000.);
#2061=VECTOR('',#3344,1000.);
#2062=VECTOR('',#3345,1000.);
#2063=VECTOR('',#3346,1000.);
#2064=VECTOR('',#3347,1000.);
#2065=VECTOR('',#3348,1000.);
#2066=VECTOR('',#3349,1000.);
#2067=VECTOR('',#3350,1000.);
#2068=VECTOR('',#3351,1000.);
#2069=VECTOR('',#3352,1000.);
#2070=VECTOR('',#3353,1000.);
#2071=VECTOR('',#3354,1000.);
#2072=VECTOR('',#3355,1000.);
#2073=VECTOR('',#3356,1000.);
#2074=VECTOR('',#3357,1000.);
#2075=VECTOR('',#3358,1000.);
#2076=VECTOR('',#3359,1000.);
#2077=VECTOR('',#3360,1000.);
#2078=VECTOR('',#3361,1000.);
#2079=VECTOR('',#3362,1000.);
#2080=VECTOR('',#3363,1000.);
#2081=VECTOR('',#3364,1000.);
#2082=VECTOR('',#3365,1000.);
#2083=VECTOR('',#3366,1000.);
#2084=VECTOR('',#3367,1000.);
#2085=VECTOR('',#3368,1000.);
#2086=VECTOR('',#3369,1000.);
#2087=VECTOR('',#3370,1000.);
#2088=VECTOR('',#3371,1000.);
#2089=VECTOR('',#3372,1000.);
#2090=VECTOR('',#3373,1000.);
#2091=VECTOR('',#3374,1000.);
#2092=VECTOR('',#3375,1000.);
#2093=VECTOR('',#3376,1000.);
#2094=VECTOR('',#3377,1000.);
#2095=VECTOR('',#3378,1000.);
#2096=VECTOR('',#3379,1000.);
#2097=VECTOR('',#3380,1000.);
#2098=VECTOR('',#3381,1000.);
#2099=VECTOR('',#3382,1000.);
#2100=VECTOR('',#3383,1000.);
#2101=VECTOR('',#3384,1000.);
#2102=VECTOR('',#3385,1000.);
#2103=VECTOR('',#3386,1000.);
#2104=VECTOR('',#3387,1000.);
#2105=VECTOR('',#3388,1000.);
#2106=VECTOR('',#3389,1000.);
#2107=VECTOR('',#3390,1000.);
#2108=VECTOR('',#3391,1000.);
#2109=VECTOR('',#3392,1000.);
#2110=VECTOR('',#3393,1000.);
#2111=VECTOR('',#3394,1000.);
#2112=VECTOR('',#3395,1000.);
#2113=VECTOR('',#3396,1000.);
#2114=VECTOR('',#3399,1000.);
#2115=VECTOR('',#3400,1000.);
#2116=VECTOR('',#3401,1000.);
#2117=VECTOR('',#3402,1000.);
#2118=VECTOR('',#3403,1000.);
#2119=VECTOR('',#3404,1000.);
#2120=VECTOR('',#3405,1000.);
#2121=VECTOR('',#3406,1000.);
#2122=VECTOR('',#3407,1000.);
#2123=VECTOR('',#3408,1000.);
#2124=VECTOR('',#3409,1000.);
#2125=VECTOR('',#3410,1000.);
#2126=VECTOR('',#3411,1000.);
#2127=VECTOR('',#3412,1000.);
#2128=VECTOR('',#3413,1000.);
#2129=VECTOR('',#3414,1000.);
#2130=VECTOR('',#3415,1000.);
#2131=VECTOR('',#3416,1000.);
#2132=VECTOR('',#3417,1000.);
#2133=VECTOR('',#3418,1000.);
#2134=VECTOR('',#3419,1000.);
#2135=VECTOR('',#3420,1000.);
#2136=VECTOR('',#3421,1000.);
#2137=VECTOR('',#3422,1000.);
#2138=VECTOR('',#3423,1000.);
#2139=VECTOR('',#3424,1000.);
#2140=VECTOR('',#3425,1000.);
#2141=VECTOR('',#3426,1000.);
#2142=VECTOR('',#3427,1000.);
#2143=VECTOR('',#3428,1000.);
#2144=VECTOR('',#3429,1000.);
#2145=VECTOR('',#3430,1000.);
#2146=VECTOR('',#3431,1000.);
#2147=VECTOR('',#3432,1000.);
#2148=VECTOR('',#3433,1000.);
#2149=VECTOR('',#3434,1000.);
#2150=VECTOR('',#3435,1000.);
#2151=VECTOR('',#3436,1000.);
#2152=VECTOR('',#3437,1000.);
#2153=VECTOR('',#3438,1000.);
#2154=VECTOR('',#3439,1000.);
#2155=VECTOR('',#3440,1000.);
#2156=VECTOR('',#3441,1000.);
#2157=VECTOR('',#3442,1000.);
#2158=VECTOR('',#3443,1000.);
#2159=VECTOR('',#3444,1000.);
#2160=VECTOR('',#3445,1000.);
#2161=VECTOR('',#3446,1000.);
#2162=VECTOR('',#3447,1000.);
#2163=VECTOR('',#3448,1000.);
#2164=VECTOR('',#3449,1000.);
#2165=VECTOR('',#3450,1000.);
#2166=VECTOR('',#3451,1000.);
#2167=VECTOR('',#3452,1000.);
#2168=VECTOR('',#3453,1000.);
#2169=VECTOR('',#3454,1000.);
#2170=VECTOR('',#3455,1000.);
#2171=VECTOR('',#3456,1000.);
#2172=VECTOR('',#3457,1000.);
#2173=VECTOR('',#3458,1000.);
#2174=VECTOR('',#3459,1000.);
#2175=VECTOR('',#3460,1000.);
#2176=VECTOR('',#3461,1000.);
#2177=VECTOR('',#3462,1000.);
#2178=VECTOR('',#3463,1000.);
#2179=VECTOR('',#3464,1000.);
#2180=VECTOR('',#3465,1000.);
#2181=VECTOR('',#3466,1000.);
#2182=VECTOR('',#3467,1000.);
#2183=VECTOR('',#3468,1000.);
#2184=VECTOR('',#3469,1000.);
#2185=VECTOR('',#3470,1000.);
#2186=VECTOR('',#3471,1000.);
#2187=VECTOR('',#3472,1000.);
#2188=VECTOR('',#3473,1000.);
#2189=VECTOR('',#3474,1000.);
#2190=VECTOR('',#3475,1000.);
#2191=VECTOR('',#3476,1000.);
#2192=VECTOR('',#3477,1000.);
#2193=VECTOR('',#3478,1000.);
#2194=VECTOR('',#3479,1000.);
#2195=VECTOR('',#3480,1000.);
#2196=VECTOR('',#3481,1000.);
#2197=VECTOR('',#3482,1000.);
#2198=VECTOR('',#3483,1000.);
#2199=VECTOR('',#3484,1000.);
#2200=VECTOR('',#3485,1000.);
#2201=VECTOR('',#3486,1000.);
#2202=VECTOR('',#3487,1000.);
#2203=VECTOR('',#3488,1000.);
#2204=VECTOR('',#3489,1000.);
#2205=VECTOR('',#3490,1000.);
#2206=VECTOR('',#3491,1000.);
#2207=VECTOR('',#3492,1000.);
#2208=VECTOR('',#3493,1000.);
#2209=VECTOR('',#3494,1000.);
#2210=VECTOR('',#3495,1000.);
#2211=VECTOR('',#3496,1000.);
#2212=VECTOR('',#3497,1000.);
#2213=VECTOR('',#3498,1000.);
#2214=VECTOR('',#3499,1000.);
#2215=VECTOR('',#3500,1000.);
#2216=VECTOR('',#3501,1000.);
#2217=VECTOR('',#3502,1000.);
#2218=VECTOR('',#3503,1000.);
#2219=VECTOR('',#3504,1000.);
#2220=VECTOR('',#3505,1000.);
#2221=VECTOR('',#3506,1000.);
#2222=VECTOR('',#3507,1000.);
#2223=VECTOR('',#3508,1000.);
#2224=VECTOR('',#3509,1000.);
#2225=VECTOR('',#3510,1000.);
#2226=VECTOR('',#3511,1000.);
#2227=VECTOR('',#3512,1000.);
#2228=VECTOR('',#3513,1000.);
#2229=VECTOR('',#3514,1000.);
#2230=VECTOR('',#3515,1000.);
#2231=VECTOR('',#3516,1000.);
#2232=VECTOR('',#3517,1000.);
#2233=VECTOR('',#3518,1000.);
#2234=VECTOR('',#3519,1000.);
#2235=VECTOR('',#3520,1000.);
#2236=VECTOR('',#3523,1000.);
#2237=VECTOR('',#3524,1000.);
#2238=VECTOR('',#3531,1000.);
#2239=VECTOR('',#3532,1000.);
#2240=VECTOR('',#3535,1000.);
#2241=VECTOR('',#3538,1000.);
#2242=VECTOR('',#3541,1000.);
#2243=VECTOR('',#3542,1000.);
#2244=VECTOR('',#3545,1000.);
#2245=VECTOR('',#3548,1000.);
#2246=VECTOR('',#3553,1000.);
#2247=VECTOR('',#3554,1000.);
#2248=VECTOR('',#3557,1000.);
#2249=VECTOR('',#3560,1000.);
#2250=VECTOR('',#3565,1000.);
#2251=VECTOR('',#3566,1000.);
#2252=VECTOR('',#3569,1000.);
#2253=VECTOR('',#3572,1000.);
#2254=VECTOR('',#3577,1000.);
#2255=VECTOR('',#3578,1000.);
#2256=VECTOR('',#3581,1000.);
#2257=VECTOR('',#3584,1000.);
#2258=VECTOR('',#3589,1000.);
#2259=VECTOR('',#3590,1000.);
#2260=VECTOR('',#3593,1000.);
#2261=VECTOR('',#3596,1000.);
#2262=VECTOR('',#3601,1000.);
#2263=VECTOR('',#3604,1000.);
#2264=VECTOR('',#3607,1000.);
#2265=VECTOR('',#3610,1000.);
#2266=VECTOR('',#3611,1000.);
#2267=VECTOR('',#3614,1000.);
#2268=VECTOR('',#3617,1000.);
#2269=VECTOR('',#3622,1000.);
#2270=VECTOR('',#3623,1000.);
#2271=VECTOR('',#3626,1000.);
#2272=VECTOR('',#3629,1000.);
#2273=VECTOR('',#3634,1000.);
#2274=VECTOR('',#3635,1000.);
#2275=VECTOR('',#3638,1000.);
#2276=VECTOR('',#3641,1000.);
#2277=VECTOR('',#3646,1000.);
#2278=VECTOR('',#3647,1000.);
#2279=VECTOR('',#3650,1000.);
#2280=VECTOR('',#3653,1000.);
#2281=VECTOR('',#3658,1000.);
#2282=VECTOR('',#3659,1000.);
#2283=VECTOR('',#3662,1000.);
#2284=VECTOR('',#3665,1000.);
#2285=VECTOR('',#3670,1000.);
#2286=VECTOR('',#3671,1000.);
#2287=VECTOR('',#3674,1000.);
#2288=VECTOR('',#3677,1000.);
#2289=VECTOR('',#3682,1000.);
#2290=VECTOR('',#3683,1000.);
#2291=VECTOR('',#3686,1000.);
#2292=VECTOR('',#3689,1000.);
#2293=VECTOR('',#3694,1000.);
#2294=VECTOR('',#3695,1000.);
#2295=VECTOR('',#3698,1000.);
#2296=VECTOR('',#3701,1000.);
#2297=VECTOR('',#3706,1000.);
#2298=VECTOR('',#3707,1000.);
#2299=VECTOR('',#3710,1000.);
#2300=VECTOR('',#3713,1000.);
#2301=VECTOR('',#3718,1000.);
#2302=VECTOR('',#3719,1000.);
#2303=VECTOR('',#3722,1000.);
#2304=VECTOR('',#3725,1000.);
#2305=VECTOR('',#3730,1000.);
#2306=VECTOR('',#3731,1000.);
#2307=VECTOR('',#3734,1000.);
#2308=VECTOR('',#3737,1000.);
#2309=VECTOR('',#3742,1000.);
#2310=VECTOR('',#3743,1000.);
#2311=VECTOR('',#3746,1000.);
#2312=VECTOR('',#3751,1000.);
#2313=VECTOR('',#3752,1000.);
#2314=VECTOR('',#3755,1000.);
#2315=VECTOR('',#3758,1000.);
#2316=VECTOR('',#3763,1000.);
#2317=VECTOR('',#3764,1000.);
#2318=VECTOR('',#3767,1000.);
#2319=VECTOR('',#3770,1000.);
#2320=VECTOR('',#3775,1000.);
#2321=VECTOR('',#3776,1000.);
#2322=VECTOR('',#3779,1000.);
#2323=VECTOR('',#3782,1000.);
#2324=VECTOR('',#3787,1000.);
#2325=VECTOR('',#3788,1000.);
#2326=VECTOR('',#3791,1000.);
#2327=VECTOR('',#3794,1000.);
#2328=VECTOR('',#3799,1000.);
#2329=VECTOR('',#3800,1000.);
#2330=VECTOR('',#3803,1000.);
#2331=VECTOR('',#3806,1000.);
#2332=VECTOR('',#3811,1000.);
#2333=VECTOR('',#3812,1000.);
#2334=VECTOR('',#3815,1000.);
#2335=VECTOR('',#3818,1000.);
#2336=VECTOR('',#3823,1000.);
#2337=VECTOR('',#3824,1000.);
#2338=VECTOR('',#3827,1000.);
#2339=VECTOR('',#3830,1000.);
#2340=VECTOR('',#3833,1000.);
#2341=VECTOR('',#3834,1000.);
#2342=VECTOR('',#3837,1000.);
#2343=VECTOR('',#3840,1000.);
#2344=VECTOR('',#3845,1000.);
#2345=VECTOR('',#3846,1000.);
#2346=VECTOR('',#3849,1000.);
#2347=VECTOR('',#3852,1000.);
#2348=VECTOR('',#3857,1000.);
#2349=VECTOR('',#3858,1000.);
#2350=VECTOR('',#3861,1000.);
#2351=VECTOR('',#3864,1000.);
#2352=VECTOR('',#3869,1000.);
#2353=VECTOR('',#3870,1000.);
#2354=VECTOR('',#3873,1000.);
#2355=VECTOR('',#3876,1000.);
#2356=VECTOR('',#3883,1000.);
#2357=VECTOR('',#3884,1000.);
#2358=VECTOR('',#3885,1000.);
#2359=VECTOR('',#3886,1000.);
#2360=VECTOR('',#3891,1000.);
#2361=VECTOR('',#3892,1000.);
#2362=VECTOR('',#3893,1000.);
#2363=VECTOR('',#3896,1000.);
#2364=VECTOR('',#3897,1000.);
#2365=VECTOR('',#3900,1000.);
#2366=VECTOR('',#3901,1000.);
#2367=VECTOR('',#3904,1000.);
#2368=VECTOR('',#3909,1000.);
#2369=VECTOR('',#3910,1000.);
#2370=VECTOR('',#3911,1000.);
#2371=VECTOR('',#3914,1000.);
#2372=VECTOR('',#3915,1000.);
#2373=VECTOR('',#3918,1000.);
#2374=VECTOR('',#3919,1000.);
#2375=VECTOR('',#3922,1000.);
#2376=VECTOR('',#3927,1000.);
#2377=VECTOR('',#3928,1000.);
#2378=VECTOR('',#3929,1000.);
#2379=VECTOR('',#3932,1000.);
#2380=VECTOR('',#3933,1000.);
#2381=VECTOR('',#3936,1000.);
#2382=VECTOR('',#3937,1000.);
#2383=VECTOR('',#3940,1000.);
#2384=VECTOR('',#3945,1000.);
#2385=VECTOR('',#3946,1000.);
#2386=VECTOR('',#3947,1000.);
#2387=VECTOR('',#3950,1000.);
#2388=VECTOR('',#3951,1000.);
#2389=VECTOR('',#3954,1000.);
#2390=VECTOR('',#3955,1000.);
#2391=VECTOR('',#3958,1000.);
#2392=EDGE_LOOP('',(#12,#13,#14,#15));
#2393=EDGE_LOOP('',(#16,#17,#18,#19));
#2394=EDGE_LOOP('',(#20,#21,#22,#23));
#2395=EDGE_LOOP('',(#24,#25,#26,#27));
#2396=EDGE_LOOP('',(#28,#29,#30,#31));
#2397=EDGE_LOOP('',(#32,#33,#34,#35));
#2398=EDGE_LOOP('',(#36,#37,#38,#39));
#2399=EDGE_LOOP('',(#40,#41,#42,#43));
#2400=EDGE_LOOP('',(#44,#45,#46,#47));
#2401=EDGE_LOOP('',(#48,#49,#50,#51));
#2402=EDGE_LOOP('',(#52,#53,#54,#55));
#2403=EDGE_LOOP('',(#56,#57,#58,#59));
#2404=EDGE_LOOP('',(#60,#61,#62,#63));
#2405=EDGE_LOOP('',(#64,#65,#66,#67));
#2406=EDGE_LOOP('',(#68,#69,#70,#71));
#2407=EDGE_LOOP('',(#72,#73,#74,#75,#76,#77,#78,#79,#80,#81,#82,#83,#84,
#85,#86,#87,#88,#89,#90,#91));
#2408=EDGE_LOOP('',(#92,#93,#94,#95));
#2409=EDGE_LOOP('',(#96,#97,#98,#99));
#2410=EDGE_LOOP('',(#100,#101,#102,#103));
#2411=EDGE_LOOP('',(#104,#105,#106,#107));
#2412=EDGE_LOOP('',(#108,#109,#110,#111));
#2413=EDGE_LOOP('',(#112,#113,#114,#115));
#2414=EDGE_LOOP('',(#116,#117,#118,#119));
#2415=EDGE_LOOP('',(#120,#121,#122,#123));
#2416=EDGE_LOOP('',(#124,#125,#126,#127));
#2417=EDGE_LOOP('',(#128,#129,#130,#131));
#2418=EDGE_LOOP('',(#132,#133,#134,#135));
#2419=EDGE_LOOP('',(#136,#137,#138,#139));
#2420=EDGE_LOOP('',(#140,#141,#142,#143));
#2421=EDGE_LOOP('',(#144,#145,#146,#147));
#2422=EDGE_LOOP('',(#148,#149,#150,#151));
#2423=EDGE_LOOP('',(#152,#153,#154,#155));
#2424=EDGE_LOOP('',(#156,#157,#158,#159,#160,#161,#162,#163,#164,#165,#166,
#167,#168,#169,#170,#171,#172,#173,#174,#175));
#2425=EDGE_LOOP('',(#176,#177,#178,#179));
#2426=EDGE_LOOP('',(#180,#181,#182,#183));
#2427=EDGE_LOOP('',(#184,#185,#186,#187));
#2428=EDGE_LOOP('',(#188,#189,#190,#191));
#2429=EDGE_LOOP('',(#192,#193,#194,#195));
#2430=EDGE_LOOP('',(#196,#197,#198,#199));
#2431=EDGE_LOOP('',(#200,#201,#202,#203));
#2432=EDGE_LOOP('',(#204,#205,#206,#207));
#2433=EDGE_LOOP('',(#208,#209,#210,#211));
#2434=EDGE_LOOP('',(#212,#213,#214,#215));
#2435=EDGE_LOOP('',(#216,#217,#218,#219));
#2436=EDGE_LOOP('',(#220,#221,#222,#223));
#2437=EDGE_LOOP('',(#224,#225,#226,#227));
#2438=EDGE_LOOP('',(#228,#229,#230,#231));
#2439=EDGE_LOOP('',(#232,#233,#234,#235));
#2440=EDGE_LOOP('',(#236,#237,#238,#239));
#2441=EDGE_LOOP('',(#240,#241,#242,#243));
#2442=EDGE_LOOP('',(#244,#245,#246,#247));
#2443=EDGE_LOOP('',(#248,#249,#250,#251));
#2444=EDGE_LOOP('',(#252,#253,#254,#255));
#2445=EDGE_LOOP('',(#256,#257,#258,#259));
#2446=EDGE_LOOP('',(#260,#261,#262,#263));
#2447=EDGE_LOOP('',(#264,#265,#266,#267));
#2448=EDGE_LOOP('',(#268,#269,#270,#271));
#2449=EDGE_LOOP('',(#272,#273,#274,#275));
#2450=EDGE_LOOP('',(#276,#277,#278,#279));
#2451=EDGE_LOOP('',(#280,#281,#282,#283));
#2452=EDGE_LOOP('',(#284,#285,#286,#287));
#2453=EDGE_LOOP('',(#288,#289,#290,#291));
#2454=EDGE_LOOP('',(#292,#293,#294,#295));
#2455=EDGE_LOOP('',(#296,#297,#298,#299));
#2456=EDGE_LOOP('',(#300,#301,#302,#303));
#2457=EDGE_LOOP('',(#304,#305,#306,#307));
#2458=EDGE_LOOP('',(#308,#309,#310,#311));
#2459=EDGE_LOOP('',(#312,#313,#314,#315));
#2460=EDGE_LOOP('',(#316,#317,#318,#319));
#2461=EDGE_LOOP('',(#320,#321,#322,#323));
#2462=EDGE_LOOP('',(#324,#325,#326,#327));
#2463=EDGE_LOOP('',(#328,#329,#330,#331));
#2464=EDGE_LOOP('',(#332,#333,#334,#335));
#2465=EDGE_LOOP('',(#336,#337,#338,#339));
#2466=EDGE_LOOP('',(#340,#341,#342,#343));
#2467=EDGE_LOOP('',(#344,#345,#346,#347));
#2468=EDGE_LOOP('',(#348,#349,#350,#351));
#2469=EDGE_LOOP('',(#352,#353,#354,#355));
#2470=EDGE_LOOP('',(#356,#357,#358,#359));
#2471=EDGE_LOOP('',(#360,#361,#362,#363));
#2472=EDGE_LOOP('',(#364,#365,#366,#367));
#2473=EDGE_LOOP('',(#368,#369,#370,#371));
#2474=EDGE_LOOP('',(#372,#373,#374,#375));
#2475=EDGE_LOOP('',(#376,#377,#378,#379));
#2476=EDGE_LOOP('',(#380,#381,#382,#383));
#2477=EDGE_LOOP('',(#384,#385,#386,#387));
#2478=EDGE_LOOP('',(#388,#389,#390,#391));
#2479=EDGE_LOOP('',(#392,#393,#394,#395));
#2480=EDGE_LOOP('',(#396,#397,#398,#399));
#2481=EDGE_LOOP('',(#400,#401,#402,#403));
#2482=EDGE_LOOP('',(#404,#405,#406,#407));
#2483=EDGE_LOOP('',(#408,#409,#410,#411));
#2484=EDGE_LOOP('',(#412,#413,#414,#415));
#2485=EDGE_LOOP('',(#416,#417,#418,#419));
#2486=EDGE_LOOP('',(#420,#421,#422,#423));
#2487=EDGE_LOOP('',(#424,#425,#426,#427));
#2488=EDGE_LOOP('',(#428,#429,#430,#431));
#2489=EDGE_LOOP('',(#432,#433,#434,#435));
#2490=EDGE_LOOP('',(#436,#437,#438,#439));
#2491=EDGE_LOOP('',(#440,#441,#442,#443));
#2492=EDGE_LOOP('',(#444,#445,#446,#447));
#2493=EDGE_LOOP('',(#448,#449,#450,#451));
#2494=EDGE_LOOP('',(#452,#453,#454,#455));
#2495=EDGE_LOOP('',(#456,#457,#458,#459));
#2496=EDGE_LOOP('',(#460,#461,#462,#463));
#2497=EDGE_LOOP('',(#464,#465,#466,#467));
#2498=EDGE_LOOP('',(#468,#469,#470,#471));
#2499=EDGE_LOOP('',(#472,#473,#474,#475));
#2500=EDGE_LOOP('',(#476,#477,#478,#479));
#2501=EDGE_LOOP('',(#480,#481,#482,#483));
#2502=EDGE_LOOP('',(#484,#485,#486,#487));
#2503=EDGE_LOOP('',(#488,#489,#490,#491));
#2504=EDGE_LOOP('',(#492,#493,#494,#495));
#2505=EDGE_LOOP('',(#496,#497,#498,#499));
#2506=EDGE_LOOP('',(#500,#501,#502,#503));
#2507=EDGE_LOOP('',(#504,#505,#506,#507));
#2508=EDGE_LOOP('',(#508,#509,#510,#511));
#2509=EDGE_LOOP('',(#512,#513,#514,#515));
#2510=EDGE_LOOP('',(#516,#517,#518,#519));
#2511=EDGE_LOOP('',(#520,#521,#522,#523));
#2512=EDGE_LOOP('',(#524,#525,#526,#527));
#2513=EDGE_LOOP('',(#528,#529,#530,#531));
#2514=EDGE_LOOP('',(#532,#533,#534,#535));
#2515=EDGE_LOOP('',(#536,#537,#538,#539));
#2516=EDGE_LOOP('',(#540,#541,#542,#543));
#2517=EDGE_LOOP('',(#544,#545,#546,#547));
#2518=EDGE_LOOP('',(#548,#549,#550,#551));
#2519=EDGE_LOOP('',(#552,#553,#554,#555));
#2520=EDGE_LOOP('',(#556,#557,#558,#559));
#2521=EDGE_LOOP('',(#560,#561,#562,#563));
#2522=EDGE_LOOP('',(#564,#565,#566,#567));
#2523=EDGE_LOOP('',(#568,#569,#570,#571));
#2524=EDGE_LOOP('',(#572,#573,#574,#575));
#2525=EDGE_LOOP('',(#576,#577,#578,#579));
#2526=EDGE_LOOP('',(#580,#581,#582,#583));
#2527=EDGE_LOOP('',(#584,#585,#586,#587));
#2528=EDGE_LOOP('',(#588,#589,#590,#591));
#2529=EDGE_LOOP('',(#592,#593,#594,#595));
#2530=EDGE_LOOP('',(#596,#597,#598,#599));
#2531=EDGE_LOOP('',(#600,#601,#602,#603));
#2532=EDGE_LOOP('',(#604,#605,#606,#607));
#2533=EDGE_LOOP('',(#608,#609,#610,#611));
#2534=EDGE_LOOP('',(#612,#613,#614,#615));
#2535=EDGE_LOOP('',(#616,#617,#618,#619));
#2536=EDGE_LOOP('',(#620,#621,#622,#623));
#2537=EDGE_LOOP('',(#624,#625,#626,#627));
#2538=EDGE_LOOP('',(#628,#629,#630,#631));
#2539=EDGE_LOOP('',(#632,#633,#634,#635));
#2540=EDGE_LOOP('',(#636,#637,#638,#639));
#2541=EDGE_LOOP('',(#640,#641,#642,#643));
#2542=EDGE_LOOP('',(#644,#645,#646,#647));
#2543=EDGE_LOOP('',(#648,#649,#650,#651));
#2544=EDGE_LOOP('',(#652,#653,#654,#655));
#2545=EDGE_LOOP('',(#656,#657,#658,#659));
#2546=EDGE_LOOP('',(#660,#661,#662,#663));
#2547=EDGE_LOOP('',(#664,#665,#666,#667));
#2548=EDGE_LOOP('',(#668,#669,#670,#671));
#2549=EDGE_LOOP('',(#672,#673,#674,#675));
#2550=EDGE_LOOP('',(#676,#677,#678,#679));
#2551=EDGE_LOOP('',(#680,#681,#682,#683));
#2552=EDGE_LOOP('',(#684,#685,#686,#687));
#2553=EDGE_LOOP('',(#688,#689,#690,#691));
#2554=EDGE_LOOP('',(#692,#693,#694,#695));
#2555=EDGE_LOOP('',(#696,#697,#698,#699));
#2556=EDGE_LOOP('',(#700,#701,#702,#703));
#2557=EDGE_LOOP('',(#704,#705,#706,#707));
#2558=EDGE_LOOP('',(#708,#709,#710,#711));
#2559=EDGE_LOOP('',(#712,#713,#714,#715));
#2560=EDGE_LOOP('',(#716,#717,#718,#719));
#2561=EDGE_LOOP('',(#720,#721,#722,#723));
#2562=EDGE_LOOP('',(#724,#725,#726,#727));
#2563=EDGE_LOOP('',(#728,#729,#730,#731));
#2564=EDGE_LOOP('',(#732,#733,#734,#735));
#2565=EDGE_LOOP('',(#736,#737,#738,#739));
#2566=EDGE_LOOP('',(#740,#741,#742,#743));
#2567=EDGE_LOOP('',(#744,#745,#746,#747));
#2568=EDGE_LOOP('',(#748,#749,#750,#751));
#2569=EDGE_LOOP('',(#752,#753,#754,#755));
#2570=EDGE_LOOP('',(#756,#757,#758,#759));
#2571=EDGE_LOOP('',(#760,#761,#762,#763));
#2572=EDGE_LOOP('',(#764,#765,#766,#767));
#2573=EDGE_LOOP('',(#768,#769,#770,#771));
#2574=EDGE_LOOP('',(#772,#773,#774,#775));
#2575=EDGE_LOOP('',(#776,#777,#778,#779));
#2576=EDGE_LOOP('',(#780,#781,#782,#783));
#2577=EDGE_LOOP('',(#784,#785,#786,#787));
#2578=EDGE_LOOP('',(#788,#789,#790,#791));
#2579=EDGE_LOOP('',(#792,#793,#794,#795));
#2580=EDGE_LOOP('',(#796,#797,#798,#799));
#2581=EDGE_LOOP('',(#800,#801,#802,#803));
#2582=EDGE_LOOP('',(#804,#805,#806,#807));
#2583=EDGE_LOOP('',(#808,#809,#810,#811));
#2584=EDGE_LOOP('',(#812,#813,#814,#815));
#2585=EDGE_LOOP('',(#816,#817,#818,#819));
#2586=EDGE_LOOP('',(#820,#821,#822,#823));
#2587=EDGE_LOOP('',(#824,#825,#826,#827));
#2588=EDGE_LOOP('',(#828,#829,#830,#831));
#2589=EDGE_LOOP('',(#832,#833,#834,#835));
#2590=EDGE_LOOP('',(#836,#837,#838,#839));
#2591=EDGE_LOOP('',(#840,#841,#842,#843));
#2592=EDGE_LOOP('',(#844,#845,#846,#847));
#2593=EDGE_LOOP('',(#848,#849,#850,#851));
#2594=FACE_BOUND('',#2392,.T.);
#2595=FACE_BOUND('',#2393,.T.);
#2596=FACE_BOUND('',#2394,.T.);
#2597=FACE_BOUND('',#2395,.T.);
#2598=FACE_BOUND('',#2396,.T.);
#2599=FACE_BOUND('',#2397,.T.);
#2600=FACE_BOUND('',#2398,.T.);
#2601=FACE_BOUND('',#2399,.T.);
#2602=FACE_BOUND('',#2400,.T.);
#2603=FACE_BOUND('',#2401,.T.);
#2604=FACE_BOUND('',#2402,.T.);
#2605=FACE_BOUND('',#2403,.T.);
#2606=FACE_BOUND('',#2404,.T.);
#2607=FACE_BOUND('',#2405,.T.);
#2608=FACE_BOUND('',#2406,.T.);
#2609=FACE_BOUND('',#2407,.T.);
#2610=FACE_BOUND('',#2408,.T.);
#2611=FACE_BOUND('',#2409,.T.);
#2612=FACE_BOUND('',#2410,.T.);
#2613=FACE_BOUND('',#2411,.T.);
#2614=FACE_BOUND('',#2412,.T.);
#2615=FACE_BOUND('',#2413,.T.);
#2616=FACE_BOUND('',#2414,.T.);
#2617=FACE_BOUND('',#2415,.T.);
#2618=FACE_BOUND('',#2416,.T.);
#2619=FACE_BOUND('',#2417,.T.);
#2620=FACE_BOUND('',#2418,.T.);
#2621=FACE_BOUND('',#2419,.T.);
#2622=FACE_BOUND('',#2420,.T.);
#2623=FACE_BOUND('',#2421,.T.);
#2624=FACE_BOUND('',#2422,.T.);
#2625=FACE_BOUND('',#2423,.T.);
#2626=FACE_BOUND('',#2424,.T.);
#2627=FACE_BOUND('',#2425,.T.);
#2628=FACE_BOUND('',#2426,.T.);
#2629=FACE_BOUND('',#2427,.T.);
#2630=FACE_BOUND('',#2428,.T.);
#2631=FACE_BOUND('',#2429,.T.);
#2632=FACE_BOUND('',#2430,.T.);
#2633=FACE_BOUND('',#2431,.T.);
#2634=FACE_BOUND('',#2432,.T.);
#2635=FACE_BOUND('',#2433,.T.);
#2636=FACE_BOUND('',#2434,.T.);
#2637=FACE_BOUND('',#2435,.T.);
#2638=FACE_BOUND('',#2436,.T.);
#2639=FACE_BOUND('',#2437,.T.);
#2640=FACE_BOUND('',#2438,.T.);
#2641=FACE_BOUND('',#2439,.T.);
#2642=FACE_BOUND('',#2440,.T.);
#2643=FACE_BOUND('',#2441,.T.);
#2644=FACE_BOUND('',#2442,.T.);
#2645=FACE_BOUND('',#2443,.T.);
#2646=FACE_BOUND('',#2444,.T.);
#2647=FACE_BOUND('',#2445,.T.);
#2648=FACE_BOUND('',#2446,.T.);
#2649=FACE_BOUND('',#2447,.T.);
#2650=FACE_BOUND('',#2448,.T.);
#2651=FACE_BOUND('',#2449,.T.);
#2652=FACE_BOUND('',#2450,.T.);
#2653=FACE_BOUND('',#2451,.T.);
#2654=FACE_BOUND('',#2452,.T.);
#2655=FACE_BOUND('',#2453,.T.);
#2656=FACE_BOUND('',#2454,.T.);
#2657=FACE_BOUND('',#2455,.T.);
#2658=FACE_BOUND('',#2456,.T.);
#2659=FACE_BOUND('',#2457,.T.);
#2660=FACE_BOUND('',#2458,.T.);
#2661=FACE_BOUND('',#2459,.T.);
#2662=FACE_BOUND('',#2460,.T.);
#2663=FACE_BOUND('',#2461,.T.);
#2664=FACE_BOUND('',#2462,.T.);
#2665=FACE_BOUND('',#2463,.T.);
#2666=FACE_BOUND('',#2464,.T.);
#2667=FACE_BOUND('',#2465,.T.);
#2668=FACE_BOUND('',#2466,.T.);
#2669=FACE_BOUND('',#2467,.T.);
#2670=FACE_BOUND('',#2468,.T.);
#2671=FACE_BOUND('',#2469,.T.);
#2672=FACE_BOUND('',#2470,.T.);
#2673=FACE_BOUND('',#2471,.T.);
#2674=FACE_BOUND('',#2472,.T.);
#2675=FACE_BOUND('',#2473,.T.);
#2676=FACE_BOUND('',#2474,.T.);
#2677=FACE_BOUND('',#2475,.T.);
#2678=FACE_BOUND('',#2476,.T.);
#2679=FACE_BOUND('',#2477,.T.);
#2680=FACE_BOUND('',#2478,.T.);
#2681=FACE_BOUND('',#2479,.T.);
#2682=FACE_BOUND('',#2480,.T.);
#2683=FACE_BOUND('',#2481,.T.);
#2684=FACE_BOUND('',#2482,.T.);
#2685=FACE_BOUND('',#2483,.T.);
#2686=FACE_BOUND('',#2484,.T.);
#2687=FACE_BOUND('',#2485,.T.);
#2688=FACE_BOUND('',#2486,.T.);
#2689=FACE_BOUND('',#2487,.T.);
#2690=FACE_BOUND('',#2488,.T.);
#2691=FACE_BOUND('',#2489,.T.);
#2692=FACE_BOUND('',#2490,.T.);
#2693=FACE_BOUND('',#2491,.T.);
#2694=FACE_BOUND('',#2492,.T.);
#2695=FACE_BOUND('',#2493,.T.);
#2696=FACE_BOUND('',#2494,.T.);
#2697=FACE_BOUND('',#2495,.T.);
#2698=FACE_BOUND('',#2496,.T.);
#2699=FACE_BOUND('',#2497,.T.);
#2700=FACE_BOUND('',#2498,.T.);
#2701=FACE_BOUND('',#2499,.T.);
#2702=FACE_BOUND('',#2500,.T.);
#2703=FACE_BOUND('',#2501,.T.);
#2704=FACE_BOUND('',#2502,.T.);
#2705=FACE_BOUND('',#2503,.T.);
#2706=FACE_BOUND('',#2504,.T.);
#2707=FACE_BOUND('',#2505,.T.);
#2708=FACE_BOUND('',#2506,.T.);
#2709=FACE_BOUND('',#2507,.T.);
#2710=FACE_BOUND('',#2508,.T.);
#2711=FACE_BOUND('',#2509,.T.);
#2712=FACE_BOUND('',#2510,.T.);
#2713=FACE_BOUND('',#2511,.T.);
#2714=FACE_BOUND('',#2512,.T.);
#2715=FACE_BOUND('',#2513,.T.);
#2716=FACE_BOUND('',#2514,.T.);
#2717=FACE_BOUND('',#2515,.T.);
#2718=FACE_BOUND('',#2516,.T.);
#2719=FACE_BOUND('',#2517,.T.);
#2720=FACE_BOUND('',#2518,.T.);
#2721=FACE_BOUND('',#2519,.T.);
#2722=FACE_BOUND('',#2520,.T.);
#2723=FACE_BOUND('',#2521,.T.);
#2724=FACE_BOUND('',#2522,.T.);
#2725=FACE_BOUND('',#2523,.T.);
#2726=FACE_BOUND('',#2524,.T.);
#2727=FACE_BOUND('',#2525,.T.);
#2728=FACE_BOUND('',#2526,.T.);
#2729=FACE_BOUND('',#2527,.T.);
#2730=FACE_BOUND('',#2528,.T.);
#2731=FACE_BOUND('',#2529,.T.);
#2732=FACE_BOUND('',#2530,.T.);
#2733=FACE_BOUND('',#2531,.T.);
#2734=FACE_BOUND('',#2532,.T.);
#2735=FACE_BOUND('',#2533,.T.);
#2736=FACE_BOUND('',#2534,.T.);
#2737=FACE_BOUND('',#2535,.T.);
#2738=FACE_BOUND('',#2536,.T.);
#2739=FACE_BOUND('',#2537,.T.);
#2740=FACE_BOUND('',#2538,.T.);
#2741=FACE_BOUND('',#2539,.T.);
#2742=FACE_BOUND('',#2540,.T.);
#2743=FACE_BOUND('',#2541,.T.);
#2744=FACE_BOUND('',#2542,.T.);
#2745=FACE_BOUND('',#2543,.T.);
#2746=FACE_BOUND('',#2544,.T.);
#2747=FACE_BOUND('',#2545,.T.);
#2748=FACE_BOUND('',#2546,.T.);
#2749=FACE_BOUND('',#2547,.T.);
#2750=FACE_BOUND('',#2548,.T.);
#2751=FACE_BOUND('',#2549,.T.);
#2752=FACE_BOUND('',#2550,.T.);
#2753=FACE_BOUND('',#2551,.T.);
#2754=FACE_BOUND('',#2552,.T.);
#2755=FACE_BOUND('',#2553,.T.);
#2756=FACE_BOUND('',#2554,.T.);
#2757=FACE_BOUND('',#2555,.T.);
#2758=FACE_BOUND('',#2556,.T.);
#2759=FACE_BOUND('',#2557,.T.);
#2760=FACE_BOUND('',#2558,.T.);
#2761=FACE_BOUND('',#2559,.T.);
#2762=FACE_BOUND('',#2560,.T.);
#2763=FACE_BOUND('',#2561,.T.);
#2764=FACE_BOUND('',#2562,.T.);
#2765=FACE_BOUND('',#2563,.T.);
#2766=FACE_BOUND('',#2564,.T.);
#2767=FACE_BOUND('',#2565,.T.);
#2768=FACE_BOUND('',#2566,.T.);
#2769=FACE_BOUND('',#2567,.T.);
#2770=FACE_BOUND('',#2568,.T.);
#2771=FACE_BOUND('',#2569,.T.);
#2772=FACE_BOUND('',#2570,.T.);
#2773=FACE_BOUND('',#2571,.T.);
#2774=FACE_BOUND('',#2572,.T.);
#2775=FACE_BOUND('',#2573,.T.);
#2776=FACE_BOUND('',#2574,.T.);
#2777=FACE_BOUND('',#2575,.T.);
#2778=FACE_BOUND('',#2576,.T.);
#2779=FACE_BOUND('',#2577,.T.);
#2780=FACE_BOUND('',#2578,.T.);
#2781=FACE_BOUND('',#2579,.T.);
#2782=FACE_BOUND('',#2580,.T.);
#2783=FACE_BOUND('',#2581,.T.);
#2784=FACE_BOUND('',#2582,.T.);
#2785=FACE_BOUND('',#2583,.T.);
#2786=FACE_BOUND('',#2584,.T.);
#2787=FACE_BOUND('',#2585,.T.);
#2788=FACE_BOUND('',#2586,.T.);
#2789=FACE_BOUND('',#2587,.T.);
#2790=FACE_BOUND('',#2588,.T.);
#2791=FACE_BOUND('',#2589,.T.);
#2792=FACE_BOUND('',#2590,.T.);
#2793=FACE_BOUND('',#2591,.T.);
#2794=FACE_BOUND('',#2592,.T.);
#2795=FACE_BOUND('',#2593,.T.);
#2796=PLANE('',#3101);
#2797=PLANE('',#3102);
#2798=PLANE('',#3103);
#2799=PLANE('',#3104);
#2800=PLANE('',#3105);
#2801=PLANE('',#3106);
#2802=PLANE('',#3107);
#2803=PLANE('',#3108);
#2804=PLANE('',#3109);
#2805=PLANE('',#3110);
#2806=PLANE('',#3111);
#2807=PLANE('',#3112);
#2808=PLANE('',#3113);
#2809=PLANE('',#3114);
#2810=PLANE('',#3115);
#2811=PLANE('',#3116);
#2812=PLANE('',#3117);
#2813=PLANE('',#3118);
#2814=PLANE('',#3119);
#2815=PLANE('',#3120);
#2816=PLANE('',#3121);
#2817=PLANE('',#3122);
#2818=PLANE('',#3123);
#2819=PLANE('',#3124);
#2820=PLANE('',#3125);
#2821=PLANE('',#3126);
#2822=PLANE('',#3127);
#2823=PLANE('',#3128);
#2824=PLANE('',#3129);
#2825=PLANE('',#3130);
#2826=PLANE('',#3131);
#2827=PLANE('',#3132);
#2828=PLANE('',#3133);
#2829=PLANE('',#3134);
#2830=PLANE('',#3135);
#2831=PLANE('',#3136);
#2832=PLANE('',#3137);
#2833=PLANE('',#3138);
#2834=PLANE('',#3139);
#2835=PLANE('',#3140);
#2836=PLANE('',#3141);
#2837=PLANE('',#3142);
#2838=PLANE('',#3143);
#2839=PLANE('',#3144);
#2840=PLANE('',#3145);
#2841=PLANE('',#3146);
#2842=PLANE('',#3147);
#2843=PLANE('',#3148);
#2844=PLANE('',#3149);
#2845=PLANE('',#3150);
#2846=PLANE('',#3151);
#2847=PLANE('',#3152);
#2848=PLANE('',#3153);
#2849=PLANE('',#3154);
#2850=PLANE('',#3155);
#2851=PLANE('',#3156);
#2852=PLANE('',#3157);
#2853=PLANE('',#3158);
#2854=PLANE('',#3159);
#2855=PLANE('',#3160);
#2856=PLANE('',#3161);
#2857=PLANE('',#3162);
#2858=PLANE('',#3163);
#2859=PLANE('',#3164);
#2860=PLANE('',#3165);
#2861=PLANE('',#3166);
#2862=PLANE('',#3167);
#2863=PLANE('',#3168);
#2864=PLANE('',#3169);
#2865=PLANE('',#3170);
#2866=PLANE('',#3171);
#2867=PLANE('',#3172);
#2868=PLANE('',#3173);
#2869=PLANE('',#3174);
#2870=PLANE('',#3175);
#2871=PLANE('',#3176);
#2872=PLANE('',#3177);
#2873=PLANE('',#3178);
#2874=PLANE('',#3179);
#2875=PLANE('',#3180);
#2876=PLANE('',#3181);
#2877=PLANE('',#3182);
#2878=PLANE('',#3183);
#2879=PLANE('',#3184);
#2880=PLANE('',#3185);
#2881=PLANE('',#3186);
#2882=PLANE('',#3187);
#2883=PLANE('',#3188);
#2884=PLANE('',#3189);
#2885=PLANE('',#3190);
#2886=PLANE('',#3191);
#2887=PLANE('',#3192);
#2888=PLANE('',#3193);
#2889=PLANE('',#3194);
#2890=PLANE('',#3195);
#2891=PLANE('',#3196);
#2892=PLANE('',#3197);
#2893=PLANE('',#3198);
#2894=PLANE('',#3199);
#2895=PLANE('',#3200);
#2896=PLANE('',#3201);
#2897=PLANE('',#3202);
#2898=PLANE('',#3203);
#2899=PLANE('',#3204);
#2900=PLANE('',#3205);
#2901=PLANE('',#3206);
#2902=PLANE('',#3207);
#2903=PLANE('',#3208);
#2904=PLANE('',#3209);
#2905=PLANE('',#3210);
#2906=PLANE('',#3211);
#2907=PLANE('',#3212);
#2908=PLANE('',#3213);
#2909=PLANE('',#3214);
#2910=PLANE('',#3215);
#2911=PLANE('',#3216);
#2912=PLANE('',#3217);
#2913=PLANE('',#3218);
#2914=PLANE('',#3219);
#2915=PLANE('',#3220);
#2916=PLANE('',#3221);
#2917=PLANE('',#3222);
#2918=PLANE('',#3223);
#2919=PLANE('',#3224);
#2920=PLANE('',#3225);
#2921=PLANE('',#3226);
#2922=PLANE('',#3227);
#2923=PLANE('',#3228);
#2924=PLANE('',#3229);
#2925=PLANE('',#3230);
#2926=PLANE('',#3231);
#2927=PLANE('',#3232);
#2928=PLANE('',#3233);
#2929=PLANE('',#3234);
#2930=PLANE('',#3235);
#2931=PLANE('',#3236);
#2932=PLANE('',#3237);
#2933=PLANE('',#3238);
#2934=PLANE('',#3239);
#2935=PLANE('',#3240);
#2936=PLANE('',#3241);
#2937=PLANE('',#3242);
#2938=PLANE('',#3243);
#2939=PLANE('',#3244);
#2940=PLANE('',#3245);
#2941=PLANE('',#3246);
#2942=ADVANCED_FACE('',(#2594,#2595),#2796,.F.);
#2943=ADVANCED_FACE('',(#2596,#2597,#2598),#2797,.F.);
#2944=ADVANCED_FACE('',(#2599,#2600,#2601,#2602,#2603,#2604,#2605,#2606,
#2607,#2608,#2609,#2610,#2611,#2612,#2613,#2614,#2615,#2616,#2617,#2618,
#2619,#2620,#2621,#2622,#2623,#2624,#2625),#2798,.F.);
#2945=ADVANCED_FACE('',(#2626,#2627,#2628,#2629,#2630,#2631,#2632,#2633,
#2634,#2635,#2636,#2637,#2638,#2639,#2640,#2641,#2642,#2643,#2644,#2645,
#2646,#2647,#2648,#2649,#2650,#2651,#2652),#2799,.T.);
#2946=ADVANCED_FACE('',(#2653),#2800,.F.);
#2947=ADVANCED_FACE('',(#2654),#2801,.T.);
#2948=ADVANCED_FACE('',(#2655),#2802,.F.);
#2949=ADVANCED_FACE('',(#2656),#2803,.T.);
#2950=ADVANCED_FACE('',(#2657),#2804,.F.);
#2951=ADVANCED_FACE('',(#2658),#2805,.F.);
#2952=ADVANCED_FACE('',(#2659),#2806,.T.);
#2953=ADVANCED_FACE('',(#2660),#2807,.F.);
#2954=ADVANCED_FACE('',(#2661),#2808,.F.);
#2955=ADVANCED_FACE('',(#2662),#2809,.T.);
#2956=ADVANCED_FACE('',(#2663),#2810,.T.);
#2957=ADVANCED_FACE('',(#2664),#2811,.F.);
#2958=ADVANCED_FACE('',(#2665),#2812,.F.);
#2959=ADVANCED_FACE('',(#2666),#2813,.T.);
#2960=ADVANCED_FACE('',(#2667),#2814,.T.);
#2961=ADVANCED_FACE('',(#2668),#2815,.F.);
#2962=ADVANCED_FACE('',(#2669),#2816,.F.);
#2963=ADVANCED_FACE('',(#2670),#2817,.T.);
#2964=ADVANCED_FACE('',(#2671),#2818,.T.);
#2965=ADVANCED_FACE('',(#2672),#2819,.F.);
#2966=ADVANCED_FACE('',(#2673),#2820,.F.);
#2967=ADVANCED_FACE('',(#2674),#2821,.T.);
#2968=ADVANCED_FACE('',(#2675),#2822,.T.);
#2969=ADVANCED_FACE('',(#2676),#2823,.F.);
#2970=ADVANCED_FACE('',(#2677),#2824,.F.);
#2971=ADVANCED_FACE('',(#2678),#2825,.T.);
#2972=ADVANCED_FACE('',(#2679),#2826,.T.);
#2973=ADVANCED_FACE('',(#2680),#2827,.F.);
#2974=ADVANCED_FACE('',(#2681),#2828,.F.);
#2975=ADVANCED_FACE('',(#2682),#2829,.T.);
#2976=ADVANCED_FACE('',(#2683),#2830,.F.);
#2977=ADVANCED_FACE('',(#2684),#2831,.F.);
#2978=ADVANCED_FACE('',(#2685),#2832,.T.);
#2979=ADVANCED_FACE('',(#2686),#2833,.T.);
#2980=ADVANCED_FACE('',(#2687),#2834,.F.);
#2981=ADVANCED_FACE('',(#2688),#2835,.F.);
#2982=ADVANCED_FACE('',(#2689),#2836,.T.);
#2983=ADVANCED_FACE('',(#2690),#2837,.T.);
#2984=ADVANCED_FACE('',(#2691),#2838,.F.);
#2985=ADVANCED_FACE('',(#2692),#2839,.F.);
#2986=ADVANCED_FACE('',(#2693),#2840,.T.);
#2987=ADVANCED_FACE('',(#2694),#2841,.T.);
#2988=ADVANCED_FACE('',(#2695),#2842,.F.);
#2989=ADVANCED_FACE('',(#2696),#2843,.F.);
#2990=ADVANCED_FACE('',(#2697),#2844,.T.);
#2991=ADVANCED_FACE('',(#2698),#2845,.T.);
#2992=ADVANCED_FACE('',(#2699),#2846,.F.);
#2993=ADVANCED_FACE('',(#2700),#2847,.F.);
#2994=ADVANCED_FACE('',(#2701),#2848,.T.);
#2995=ADVANCED_FACE('',(#2702),#2849,.T.);
#2996=ADVANCED_FACE('',(#2703),#2850,.F.);
#2997=ADVANCED_FACE('',(#2704),#2851,.F.);
#2998=ADVANCED_FACE('',(#2705),#2852,.T.);
#2999=ADVANCED_FACE('',(#2706),#2853,.T.);
#3000=ADVANCED_FACE('',(#2707),#2854,.T.);
#3001=ADVANCED_FACE('',(#2708),#2855,.F.);
#3002=ADVANCED_FACE('',(#2709),#2856,.F.);
#3003=ADVANCED_FACE('',(#2710),#2857,.T.);
#3004=ADVANCED_FACE('',(#2711),#2858,.T.);
#3005=ADVANCED_FACE('',(#2712),#2859,.F.);
#3006=ADVANCED_FACE('',(#2713),#2860,.F.);
#3007=ADVANCED_FACE('',(#2714),#2861,.T.);
#3008=ADVANCED_FACE('',(#2715),#2862,.F.);
#3009=ADVANCED_FACE('',(#2716),#2863,.F.);
#3010=ADVANCED_FACE('',(#2717),#2864,.T.);
#3011=ADVANCED_FACE('',(#2718),#2865,.T.);
#3012=ADVANCED_FACE('',(#2719),#2866,.T.);
#3013=ADVANCED_FACE('',(#2720),#2867,.F.);
#3014=ADVANCED_FACE('',(#2721),#2868,.F.);
#3015=ADVANCED_FACE('',(#2722),#2869,.T.);
#3016=ADVANCED_FACE('',(#2723),#2870,.T.);
#3017=ADVANCED_FACE('',(#2724),#2871,.F.);
#3018=ADVANCED_FACE('',(#2725),#2872,.F.);
#3019=ADVANCED_FACE('',(#2726),#2873,.T.);
#3020=ADVANCED_FACE('',(#2727),#2874,.F.);
#3021=ADVANCED_FACE('',(#2728),#2875,.F.);
#3022=ADVANCED_FACE('',(#2729),#2876,.T.);
#3023=ADVANCED_FACE('',(#2730),#2877,.F.);
#3024=ADVANCED_FACE('',(#2731),#2878,.F.);
#3025=ADVANCED_FACE('',(#2732),#2879,.T.);
#3026=ADVANCED_FACE('',(#2733),#2880,.T.);
#3027=ADVANCED_FACE('',(#2734),#2881,.F.);
#3028=ADVANCED_FACE('',(#2735),#2882,.F.);
#3029=ADVANCED_FACE('',(#2736),#2883,.T.);
#3030=ADVANCED_FACE('',(#2737),#2884,.T.);
#3031=ADVANCED_FACE('',(#2738),#2885,.F.);
#3032=ADVANCED_FACE('',(#2739),#2886,.F.);
#3033=ADVANCED_FACE('',(#2740),#2887,.T.);
#3034=ADVANCED_FACE('',(#2741),#2888,.T.);
#3035=ADVANCED_FACE('',(#2742),#2889,.F.);
#3036=ADVANCED_FACE('',(#2743),#2890,.F.);
#3037=ADVANCED_FACE('',(#2744),#2891,.T.);
#3038=ADVANCED_FACE('',(#2745),#2892,.T.);
#3039=ADVANCED_FACE('',(#2746),#2893,.F.);
#3040=ADVANCED_FACE('',(#2747),#2894,.F.);
#3041=ADVANCED_FACE('',(#2748),#2895,.T.);
#3042=ADVANCED_FACE('',(#2749),#2896,.T.);
#3043=ADVANCED_FACE('',(#2750),#2897,.F.);
#3044=ADVANCED_FACE('',(#2751),#2898,.F.);
#3045=ADVANCED_FACE('',(#2752),#2899,.T.);
#3046=ADVANCED_FACE('',(#2753),#2900,.T.);
#3047=ADVANCED_FACE('',(#2754),#2901,.F.);
#3048=ADVANCED_FACE('',(#2755),#2902,.F.);
#3049=ADVANCED_FACE('',(#2756),#2903,.T.);
#3050=ADVANCED_FACE('',(#2757),#2904,.F.);
#3051=ADVANCED_FACE('',(#2758),#2905,.F.);
#3052=ADVANCED_FACE('',(#2759),#2906,.T.);
#3053=ADVANCED_FACE('',(#2760),#2907,.T.);
#3054=ADVANCED_FACE('',(#2761),#2908,.F.);
#3055=ADVANCED_FACE('',(#2762),#2909,.F.);
#3056=ADVANCED_FACE('',(#2763),#2910,.T.);
#3057=ADVANCED_FACE('',(#2764),#2911,.T.);
#3058=ADVANCED_FACE('',(#2765),#2912,.F.);
#3059=ADVANCED_FACE('',(#2766),#2913,.F.);
#3060=ADVANCED_FACE('',(#2767),#2914,.T.);
#3061=ADVANCED_FACE('',(#2768),#2915,.T.);
#3062=ADVANCED_FACE('',(#2769),#2916,.F.);
#3063=ADVANCED_FACE('',(#2770),#2917,.F.);
#3064=ADVANCED_FACE('',(#2771),#2918,.T.);
#3065=ADVANCED_FACE('',(#2772),#2919,.F.);
#3066=ADVANCED_FACE('',(#2773,#2774),#2920,.F.);
#3067=ADVANCED_FACE('',(#2775),#2921,.F.);
#3068=ADVANCED_FACE('',(#2776),#2922,.F.);
#3069=ADVANCED_FACE('',(#2777),#2923,.T.);
#3070=ADVANCED_FACE('',(#2778),#2924,.T.);
#3071=ADVANCED_FACE('',(#2779),#2925,.F.);
#3072=ADVANCED_FACE('',(#2780),#2926,.F.);
#3073=ADVANCED_FACE('',(#2781),#2927,.F.);
#3074=ADVANCED_FACE('',(#2782),#2928,.T.);
#3075=ADVANCED_FACE('',(#2783),#2929,.T.);
#3076=ADVANCED_FACE('',(#2784),#2930,.F.);
#3077=ADVANCED_FACE('',(#2785),#2931,.F.);
#3078=ADVANCED_FACE('',(#2786),#2932,.F.);
#3079=ADVANCED_FACE('',(#2787),#2933,.T.);
#3080=ADVANCED_FACE('',(#2788),#2934,.T.);
#3081=ADVANCED_FACE('',(#2789),#2935,.F.);
#3082=ADVANCED_FACE('',(#2790),#2936,.F.);
#3083=ADVANCED_FACE('',(#2791),#2937,.F.);
#3084=ADVANCED_FACE('',(#2792),#2938,.T.);
#3085=ADVANCED_FACE('',(#2793),#2939,.T.);
#3086=ADVANCED_FACE('',(#2794),#2940,.F.);
#3087=ADVANCED_FACE('',(#2795),#2941,.F.);
#3088=CLOSED_SHELL('',(#2942,#2943,#2944,#2945,#2946,#2947,#2948,#2949,
#2950,#2951,#2952,#2953,#2954,#2955,#2956,#2957,#2958,#2959,#2960,#2961,
#2962,#2963,#2964,#2965,#2966,#2967,#2968,#2969,#2970,#2971,#2972,#2973,
#2974,#2975,#2976,#2977,#2978,#2979,#2980,#2981,#2982,#2983,#2984,#2985,
#2986,#2987,#2988,#2989,#2990,#2991,#2992,#2993,#2994,#2995,#2996,#2997,
#2998,#2999,#3000,#3001,#3002,#3003,#3004,#3005,#3006,#3007,#3008,#3009,
#3010,#3011,#3012,#3013,#3014,#3015,#3016,#3017,#3018,#3019,#3020,#3021,
#3022,#3023,#3024,#3025,#3026,#3027,#3028,#3029,#3030,#3031,#3032,#3033,
#3034,#3035,#3036,#3037,#3038,#3039,#3040,#3041,#3042,#3043,#3044,#3045,
#3046,#3047,#3048,#3049,#3050,#3051,#3052,#3053,#3054,#3055,#3056,#3057,
#3058,#3059,#3060,#3061,#3062,#3063,#3064,#3065,#3066,#3067,#3068,#3069,
#3070,#3071,#3072,#3073,#3074,#3075,#3076,#3077,#3078,#3079,#3080,#3081,
#3082,#3083,#3084,#3085,#3086,#3087));
#3089=STYLED_ITEM('',(#3090),#3097);
#3090=PRESENTATION_STYLE_ASSIGNMENT((#3091));
#3091=SURFACE_STYLE_USAGE(.BOTH.,#3092);
#3092=SURFACE_SIDE_STYLE('',(#3093));
#3093=SURFACE_STYLE_FILL_AREA(#3094);
#3094=FILL_AREA_STYLE('',(#3095));
#3095=FILL_AREA_STYLE_COLOUR('',#3096);
#3096=COLOUR_RGB('',0.615686274509804,0.811764705882353,0.929411764705882);
#3097=MANIFOLD_SOLID_BREP('Part 1',#3088);
#3098=SHAPE_DEFINITION_REPRESENTATION(#4814,#3099);
#3099=SHAPE_REPRESENTATION('Part 1',(#3100),#4809);
#3100=AXIS2_PLACEMENT_3D('',#3961,#3247,#3248);
#3101=AXIS2_PLACEMENT_3D('',#3962,#3249,#3250);
#3102=AXIS2_PLACEMENT_3D('',#3979,#3259,#3260);
#3103=AXIS2_PLACEMENT_3D('',#4004,#3273,#3274);
#3104=AXIS2_PLACEMENT_3D('',#4247,#3397,#3398);
#3105=AXIS2_PLACEMENT_3D('',#4490,#3521,#3522);
#3106=AXIS2_PLACEMENT_3D('',#4493,#3525,#3526);
#3107=AXIS2_PLACEMENT_3D('',#4494,#3527,#3528);
#3108=AXIS2_PLACEMENT_3D('',#4495,#3529,#3530);
#3109=AXIS2_PLACEMENT_3D('',#4498,#3533,#3534);
#3110=AXIS2_PLACEMENT_3D('',#4500,#3536,#3537);
#3111=AXIS2_PLACEMENT_3D('',#4502,#3539,#3540);
#3112=AXIS2_PLACEMENT_3D('',#4505,#3543,#3544);
#3113=AXIS2_PLACEMENT_3D('',#4507,#3546,#3547);
#3114=AXIS2_PLACEMENT_3D('',#4509,#3549,#3550);
#3115=AXIS2_PLACEMENT_3D('',#4510,#3551,#3552);
#3116=AXIS2_PLACEMENT_3D('',#4513,#3555,#3556);
#3117=AXIS2_PLACEMENT_3D('',#4515,#3558,#3559);
#3118=AXIS2_PLACEMENT_3D('',#4517,#3561,#3562);
#3119=AXIS2_PLACEMENT_3D('',#4518,#3563,#3564);
#3120=AXIS2_PLACEMENT_3D('',#4521,#3567,#3568);
#3121=AXIS2_PLACEMENT_3D('',#4523,#3570,#3571);
#3122=AXIS2_PLACEMENT_3D('',#4525,#3573,#3574);
#3123=AXIS2_PLACEMENT_3D('',#4526,#3575,#3576);
#3124=AXIS2_PLACEMENT_3D('',#4529,#3579,#3580);
#3125=AXIS2_PLACEMENT_3D('',#4531,#3582,#3583);
#3126=AXIS2_PLACEMENT_3D('',#4533,#3585,#3586);
#3127=AXIS2_PLACEMENT_3D('',#4534,#3587,#3588);
#3128=AXIS2_PLACEMENT_3D('',#4537,#3591,#3592);
#3129=AXIS2_PLACEMENT_3D('',#4539,#3594,#3595);
#3130=AXIS2_PLACEMENT_3D('',#4541,#3597,#3598);
#3131=AXIS2_PLACEMENT_3D('',#4542,#3599,#3600);
#3132=AXIS2_PLACEMENT_3D('',#4544,#3602,#3603);
#3133=AXIS2_PLACEMENT_3D('',#4546,#3605,#3606);
#3134=AXIS2_PLACEMENT_3D('',#4548,#3608,#3609);
#3135=AXIS2_PLACEMENT_3D('',#4551,#3612,#3613);
#3136=AXIS2_PLACEMENT_3D('',#4553,#3615,#3616);
#3137=AXIS2_PLACEMENT_3D('',#4555,#3618,#3619);
#3138=AXIS2_PLACEMENT_3D('',#4556,#3620,#3621);
#3139=AXIS2_PLACEMENT_3D('',#4559,#3624,#3625);
#3140=AXIS2_PLACEMENT_3D('',#4561,#3627,#3628);
#3141=AXIS2_PLACEMENT_3D('',#4563,#3630,#3631);
#3142=AXIS2_PLACEMENT_3D('',#4564,#3632,#3633);
#3143=AXIS2_PLACEMENT_3D('',#4567,#3636,#3637);
#3144=AXIS2_PLACEMENT_3D('',#4569,#3639,#3640);
#3145=AXIS2_PLACEMENT_3D('',#4571,#3642,#3643);
#3146=AXIS2_PLACEMENT_3D('',#4572,#3644,#3645);
#3147=AXIS2_PLACEMENT_3D('',#4575,#3648,#3649);
#3148=AXIS2_PLACEMENT_3D('',#4577,#3651,#3652);
#3149=AXIS2_PLACEMENT_3D('',#4579,#3654,#3655);
#3150=AXIS2_PLACEMENT_3D('',#4580,#3656,#3657);
#3151=AXIS2_PLACEMENT_3D('',#4583,#3660,#3661);
#3152=AXIS2_PLACEMENT_3D('',#4585,#3663,#3664);
#3153=AXIS2_PLACEMENT_3D('',#4587,#3666,#3667);
#3154=AXIS2_PLACEMENT_3D('',#4588,#3668,#3669);
#3155=AXIS2_PLACEMENT_3D('',#4591,#3672,#3673);
#3156=AXIS2_PLACEMENT_3D('',#4593,#3675,#3676);
#3157=AXIS2_PLACEMENT_3D('',#4595,#3678,#3679);
#3158=AXIS2_PLACEMENT_3D('',#4596,#3680,#3681);
#3159=AXIS2_PLACEMENT_3D('',#4599,#3684,#3685);
#3160=AXIS2_PLACEMENT_3D('',#4601,#3687,#3688);
#3161=AXIS2_PLACEMENT_3D('',#4603,#3690,#3691);
#3162=AXIS2_PLACEMENT_3D('',#4604,#3692,#3693);
#3163=AXIS2_PLACEMENT_3D('',#4607,#3696,#3697);
#3164=AXIS2_PLACEMENT_3D('',#4609,#3699,#3700);
#3165=AXIS2_PLACEMENT_3D('',#4611,#3702,#3703);
#3166=AXIS2_PLACEMENT_3D('',#4612,#3704,#3705);
#3167=AXIS2_PLACEMENT_3D('',#4615,#3708,#3709);
#3168=AXIS2_PLACEMENT_3D('',#4617,#3711,#3712);
#3169=AXIS2_PLACEMENT_3D('',#4619,#3714,#3715);
#3170=AXIS2_PLACEMENT_3D('',#4620,#3716,#3717);
#3171=AXIS2_PLACEMENT_3D('',#4623,#3720,#3721);
#3172=AXIS2_PLACEMENT_3D('',#4625,#3723,#3724);
#3173=AXIS2_PLACEMENT_3D('',#4627,#3726,#3727);
#3174=AXIS2_PLACEMENT_3D('',#4628,#3728,#3729);
#3175=AXIS2_PLACEMENT_3D('',#4631,#3732,#3733);
#3176=AXIS2_PLACEMENT_3D('',#4633,#3735,#3736);
#3177=AXIS2_PLACEMENT_3D('',#4635,#3738,#3739);
#3178=AXIS2_PLACEMENT_3D('',#4636,#3740,#3741);
#3179=AXIS2_PLACEMENT_3D('',#4639,#3744,#3745);
#3180=AXIS2_PLACEMENT_3D('',#4641,#3747,#3748);
#3181=AXIS2_PLACEMENT_3D('',#4642,#3749,#3750);
#3182=AXIS2_PLACEMENT_3D('',#4645,#3753,#3754);
#3183=AXIS2_PLACEMENT_3D('',#4647,#3756,#3757);
#3184=AXIS2_PLACEMENT_3D('',#4649,#3759,#3760);
#3185=AXIS2_PLACEMENT_3D('',#4650,#3761,#3762);
#3186=AXIS2_PLACEMENT_3D('',#4653,#3765,#3766);
#3187=AXIS2_PLACEMENT_3D('',#4655,#3768,#3769);
#3188=AXIS2_PLACEMENT_3D('',#4657,#3771,#3772);
#3189=AXIS2_PLACEMENT_3D('',#4658,#3773,#3774);
#3190=AXIS2_PLACEMENT_3D('',#4661,#3777,#3778);
#3191=AXIS2_PLACEMENT_3D('',#4663,#3780,#3781);
#3192=AXIS2_PLACEMENT_3D('',#4665,#3783,#3784);
#3193=AXIS2_PLACEMENT_3D('',#4666,#3785,#3786);
#3194=AXIS2_PLACEMENT_3D('',#4669,#3789,#3790);
#3195=AXIS2_PLACEMENT_3D('',#4671,#3792,#3793);
#3196=AXIS2_PLACEMENT_3D('',#4673,#3795,#3796);
#3197=AXIS2_PLACEMENT_3D('',#4674,#3797,#3798);
#3198=AXIS2_PLACEMENT_3D('',#4677,#3801,#3802);
#3199=AXIS2_PLACEMENT_3D('',#4679,#3804,#3805);
#3200=AXIS2_PLACEMENT_3D('',#4681,#3807,#3808);
#3201=AXIS2_PLACEMENT_3D('',#4682,#3809,#3810);
#3202=AXIS2_PLACEMENT_3D('',#4685,#3813,#3814);
#3203=AXIS2_PLACEMENT_3D('',#4687,#3816,#3817);
#3204=AXIS2_PLACEMENT_3D('',#4689,#3819,#3820);
#3205=AXIS2_PLACEMENT_3D('',#4690,#3821,#3822);
#3206=AXIS2_PLACEMENT_3D('',#4693,#3825,#3826);
#3207=AXIS2_PLACEMENT_3D('',#4695,#3828,#3829);
#3208=AXIS2_PLACEMENT_3D('',#4697,#3831,#3832);
#3209=AXIS2_PLACEMENT_3D('',#4700,#3835,#3836);
#3210=AXIS2_PLACEMENT_3D('',#4702,#3838,#3839);
#3211=AXIS2_PLACEMENT_3D('',#4704,#3841,#3842);
#3212=AXIS2_PLACEMENT_3D('',#4705,#3843,#3844);
#3213=AXIS2_PLACEMENT_3D('',#4708,#3847,#3848);
#3214=AXIS2_PLACEMENT_3D('',#4710,#3850,#3851);
#3215=AXIS2_PLACEMENT_3D('',#4712,#3853,#3854);
#3216=AXIS2_PLACEMENT_3D('',#4713,#3855,#3856);
#3217=AXIS2_PLACEMENT_3D('',#4716,#3859,#3860);
#3218=AXIS2_PLACEMENT_3D('',#4718,#3862,#3863);
#3219=AXIS2_PLACEMENT_3D('',#4720,#3865,#3866);
#3220=AXIS2_PLACEMENT_3D('',#4721,#3867,#3868);
#3221=AXIS2_PLACEMENT_3D('',#4724,#3871,#3872);
#3222=AXIS2_PLACEMENT_3D('',#4726,#3874,#3875);
#3223=AXIS2_PLACEMENT_3D('',#4728,#3877,#3878);
#3224=AXIS2_PLACEMENT_3D('',#4729,#3879,#3880);
#3225=AXIS2_PLACEMENT_3D('',#4730,#3881,#3882);
#3226=AXIS2_PLACEMENT_3D('',#4739,#3887,#3888);
#3227=AXIS2_PLACEMENT_3D('',#4740,#3889,#3890);
#3228=AXIS2_PLACEMENT_3D('',#4746,#3894,#3895);
#3229=AXIS2_PLACEMENT_3D('',#4750,#3898,#3899);
#3230=AXIS2_PLACEMENT_3D('',#4754,#3902,#3903);
#3231=AXIS2_PLACEMENT_3D('',#4756,#3905,#3906);
#3232=AXIS2_PLACEMENT_3D('',#4757,#3907,#3908);
#3233=AXIS2_PLACEMENT_3D('',#4763,#3912,#3913);
#3234=AXIS2_PLACEMENT_3D('',#4767,#3916,#3917);
#3235=AXIS2_PLACEMENT_3D('',#4771,#3920,#3921);
#3236=AXIS2_PLACEMENT_3D('',#4773,#3923,#3924);
#3237=AXIS2_PLACEMENT_3D('',#4774,#3925,#3926);
#3238=AXIS2_PLACEMENT_3D('',#4780,#3930,#3931);
#3239=AXIS2_PLACEMENT_3D('',#4784,#3934,#3935);
#3240=AXIS2_PLACEMENT_3D('',#4788,#3938,#3939);
#3241=AXIS2_PLACEMENT_3D('',#4790,#3941,#3942);
#3242=AXIS2_PLACEMENT_3D('',#4791,#3943,#3944);
#3243=AXIS2_PLACEMENT_3D('',#4797,#3948,#3949);
#3244=AXIS2_PLACEMENT_3D('',#4801,#3952,#3953);
#3245=AXIS2_PLACEMENT_3D('',#4805,#3956,#3957);
#3246=AXIS2_PLACEMENT_3D('',#4807,#3959,#3960);
#3247=DIRECTION('',(0.,0.,1.));
#3248=DIRECTION('',(1.,0.,0.));
#3249=DIRECTION('',(1.,0.,0.));
#3250=DIRECTION('',(0.,1.,0.));
#3251=DIRECTION('',(0.,0.,-1.));
#3252=DIRECTION('',(0.,1.,0.));
#3253=DIRECTION('',(0.,0.,-1.));
#3254=DIRECTION('',(0.,1.,0.));
#3255=DIRECTION('',(0.,-1.,0.));
#3256=DIRECTION('',(0.,0.,1.));
#3257=DIRECTION('',(0.,-1.,0.));
#3258=DIRECTION('',(0.,0.,1.));
#3259=DIRECTION('',(1.,0.,0.));
#3260=DIRECTION('',(0.,1.,0.));
#3261=DIRECTION('',(0.,0.,1.));
#3262=DIRECTION('',(0.,-1.,-1.44560289664734E-16));
#3263=DIRECTION('',(0.,0.,1.));
#3264=DIRECTION('',(0.,-1.,-1.44560289664734E-16));
#3265=DIRECTION('',(0.,1.,0.));
#3266=DIRECTION('',(0.,0.,-1.));
#3267=DIRECTION('',(0.,1.,0.));
#3268=DIRECTION('',(0.,0.,-1.));
#3269=DIRECTION('',(0.,-1.,-1.44560289664731E-16));
#3270=DIRECTION('',(0.,0.,1.));
#3271=DIRECTION('',(0.,-1.,0.));
#3272=DIRECTION('',(0.,0.,1.));
#3273=DIRECTION('',(0.,0.,1.));
#3274=DIRECTION('',(1.,0.,0.));
#3275=DIRECTION('',(-1.,0.,0.));
#3276=DIRECTION('',(0.,1.,0.));
#3277=DIRECTION('',(-1.,0.,0.));
#3278=DIRECTION('',(0.,1.,0.));
#3279=DIRECTION('',(-1.,0.,0.));
#3280=DIRECTION('',(0.,1.,0.));
#3281=DIRECTION('',(-1.,0.,0.));
#3282=DIRECTION('',(0.,1.,0.));
#3283=DIRECTION('',(-1.,0.,0.));
#3284=DIRECTION('',(0.,1.,0.));
#3285=DIRECTION('',(-1.,0.,0.));
#3286=DIRECTION('',(0.,1.,0.));
#3287=DIRECTION('',(-1.,0.,0.));
#3288=DIRECTION('',(0.,1.,0.));
#3289=DIRECTION('',(-1.,0.,0.));
#3290=DIRECTION('',(0.,1.,0.));
#3291=DIRECTION('',(-1.,0.,0.));
#3292=DIRECTION('',(0.,1.,0.));
#3293=DIRECTION('',(-1.,0.,0.));
#3294=DIRECTION('',(0.,1.,0.));
#3295=DIRECTION('',(-1.,0.,0.));
#3296=DIRECTION('',(0.,1.,0.));
#3297=DIRECTION('',(-1.,0.,0.));
#3298=DIRECTION('',(0.,1.,0.));
#3299=DIRECTION('',(0.,1.,0.));
#3300=DIRECTION('',(-1.,0.,0.));
#3301=DIRECTION('',(0.,1.,0.));
#3302=DIRECTION('',(-1.,0.,0.));
#3303=DIRECTION('',(-1.,0.,0.));
#3304=DIRECTION('',(0.,1.,0.));
#3305=DIRECTION('',(-1.,0.,0.));
#3306=DIRECTION('',(0.,1.,0.));
#3307=DIRECTION('',(-1.,0.,0.));
#3308=DIRECTION('',(0.,1.,0.));
#3309=DIRECTION('',(-1.,0.,0.));
#3310=DIRECTION('',(0.,1.,0.));
#3311=DIRECTION('',(-1.,0.,0.));
#3312=DIRECTION('',(0.,1.,0.));
#3313=DIRECTION('',(-1.,0.,0.));
#3314=DIRECTION('',(0.,1.,0.));
#3315=DIRECTION('',(-1.,-1.59338322175333E-16,0.));
#3316=DIRECTION('',(-1.,0.,0.));
#3317=DIRECTION('',(0.,1.,0.));
#3318=DIRECTION('',(-1.,0.,0.));
#3319=DIRECTION('',(0.,1.,0.));
#3320=DIRECTION('',(-1.,0.,0.));
#3321=DIRECTION('',(0.,1.,0.));
#3322=DIRECTION('',(-1.,0.,0.));
#3323=DIRECTION('',(0.,1.,0.));
#3324=DIRECTION('',(-1.,0.,0.));
#3325=DIRECTION('',(0.,1.,0.));
#3326=DIRECTION('',(-1.,0.,0.));
#3327=DIRECTION('',(0.,1.,0.));
#3328=DIRECTION('',(-1.,0.,0.));
#3329=DIRECTION('',(0.,1.,0.));
#3330=DIRECTION('',(-1.,0.,0.));
#3331=DIRECTION('',(-1.,-7.96691610876669E-17,0.));
#3332=DIRECTION('',(0.,-1.,0.));
#3333=DIRECTION('',(-1.,0.,0.));
#3334=DIRECTION('',(0.,1.,0.));
#3335=DIRECTION('',(-1.,0.,0.));
#3336=DIRECTION('',(0.,1.,0.));
#3337=DIRECTION('',(-1.,0.,0.));
#3338=DIRECTION('',(0.,1.,0.));
#3339=DIRECTION('',(-1.,0.,0.));
#3340=DIRECTION('',(0.,1.,0.));
#3341=DIRECTION('',(-1.,0.,0.));
#3342=DIRECTION('',(0.,1.,0.));
#3343=DIRECTION('',(-1.,0.,0.));
#3344=DIRECTION('',(0.,1.,0.));
#3345=DIRECTION('',(-1.,0.,0.));
#3346=DIRECTION('',(0.,1.,0.));
#3347=DIRECTION('',(-1.,0.,0.));
#3348=DIRECTION('',(0.,1.,0.));
#3349=DIRECTION('',(-1.,0.,0.));
#3350=DIRECTION('',(0.,1.,0.));
#3351=DIRECTION('',(-1.,0.,0.));
#3352=DIRECTION('',(0.,1.,0.));
#3353=DIRECTION('',(-1.,0.,0.));
#3354=DIRECTION('',(0.,1.,0.));
#3355=DIRECTION('',(-1.,0.,0.));
#3356=DIRECTION('',(0.,1.,0.));
#3357=DIRECTION('',(-1.,0.,0.));
#3358=DIRECTION('',(0.,1.,0.));
#3359=DIRECTION('',(-1.,0.,0.));
#3360=DIRECTION('',(0.,1.,0.));
#3361=DIRECTION('',(-1.,0.,0.));
#3362=DIRECTION('',(0.,1.,0.));
#3363=DIRECTION('',(-1.,0.,0.));
#3364=DIRECTION('',(0.,1.,0.));
#3365=DIRECTION('',(0.,1.,0.));
#3366=DIRECTION('',(-1.,0.,0.));
#3367=DIRECTION('',(0.,1.,0.));
#3368=DIRECTION('',(-1.,0.,0.));
#3369=DIRECTION('',(0.,1.,0.));
#3370=DIRECTION('',(-1.,0.,0.));
#3371=DIRECTION('',(0.,1.,0.));
#3372=DIRECTION('',(-1.,0.,0.));
#3373=DIRECTION('',(0.,1.,0.));
#3374=DIRECTION('',(-1.,0.,0.));
#3375=DIRECTION('',(0.,1.,0.));
#3376=DIRECTION('',(-1.,0.,0.));
#3377=DIRECTION('',(-1.,0.,0.));
#3378=DIRECTION('',(0.,1.,0.));
#3379=DIRECTION('',(-1.,0.,0.));
#3380=DIRECTION('',(0.,1.,0.));
#3381=DIRECTION('',(-1.,0.,0.));
#3382=DIRECTION('',(0.,1.,0.));
#3383=DIRECTION('',(-1.,0.,0.));
#3384=DIRECTION('',(0.,1.,0.));
#3385=DIRECTION('',(-1.,0.,0.));
#3386=DIRECTION('',(0.,1.,0.));
#3387=DIRECTION('',(-1.,0.,0.));
#3388=DIRECTION('',(0.,1.,0.));
#3389=DIRECTION('',(-1.,0.,0.));
#3390=DIRECTION('',(0.,1.,0.));
#3391=DIRECTION('',(-1.,0.,0.));
#3392=DIRECTION('',(0.,1.,0.));
#3393=DIRECTION('',(-1.,0.,0.));
#3394=DIRECTION('',(0.,1.,0.));
#3395=DIRECTION('',(-1.,0.,0.));
#3396=DIRECTION('',(0.,1.,0.));
#3397=DIRECTION('',(0.,0.,1.));
#3398=DIRECTION('',(1.,0.,0.));
#3399=DIRECTION('',(-1.,-1.59338322175333E-16,0.));
#3400=DIRECTION('',(0.,-1.,0.));
#3401=DIRECTION('',(-1.,-7.96691610876669E-17,0.));
#3402=DIRECTION('',(-1.,0.,0.));
#3403=DIRECTION('',(0.,1.,0.));
#3404=DIRECTION('',(-1.,0.,0.));
#3405=DIRECTION('',(0.,1.,0.));
#3406=DIRECTION('',(-1.,0.,0.));
#3407=DIRECTION('',(0.,1.,0.));
#3408=DIRECTION('',(-1.,0.,0.));
#3409=DIRECTION('',(0.,1.,0.));
#3410=DIRECTION('',(-1.,0.,0.));
#3411=DIRECTION('',(0.,1.,0.));
#3412=DIRECTION('',(-1.,0.,0.));
#3413=DIRECTION('',(0.,1.,0.));
#3414=DIRECTION('',(-1.,0.,0.));
#3415=DIRECTION('',(0.,1.,0.));
#3416=DIRECTION('',(-1.,0.,0.));
#3417=DIRECTION('',(0.,1.,0.));
#3418=DIRECTION('',(-1.,0.,0.));
#3419=DIRECTION('',(0.,1.,0.));
#3420=DIRECTION('',(-1.,0.,0.));
#3421=DIRECTION('',(0.,1.,0.));
#3422=DIRECTION('',(-1.,0.,0.));
#3423=DIRECTION('',(0.,1.,0.));
#3424=DIRECTION('',(-1.,0.,0.));
#3425=DIRECTION('',(0.,1.,0.));
#3426=DIRECTION('',(-1.,0.,0.));
#3427=DIRECTION('',(0.,1.,0.));
#3428=DIRECTION('',(-1.,0.,0.));
#3429=DIRECTION('',(0.,1.,0.));
#3430=DIRECTION('',(-1.,0.,0.));
#3431=DIRECTION('',(0.,1.,0.));
#3432=DIRECTION('',(-1.,0.,0.));
#3433=DIRECTION('',(0.,1.,0.));
#3434=DIRECTION('',(-1.,0.,0.));
#3435=DIRECTION('',(0.,1.,0.));
#3436=DIRECTION('',(-1.,0.,0.));
#3437=DIRECTION('',(0.,1.,0.));
#3438=DIRECTION('',(-1.,0.,0.));
#3439=DIRECTION('',(0.,1.,0.));
#3440=DIRECTION('',(-1.,0.,0.));
#3441=DIRECTION('',(0.,1.,0.));
#3442=DIRECTION('',(-1.,0.,0.));
#3443=DIRECTION('',(0.,1.,0.));
#3444=DIRECTION('',(-1.,0.,0.));
#3445=DIRECTION('',(0.,1.,0.));
#3446=DIRECTION('',(-1.,0.,0.));
#3447=DIRECTION('',(0.,1.,0.));
#3448=DIRECTION('',(-1.,0.,0.));
#3449=DIRECTION('',(0.,1.,0.));
#3450=DIRECTION('',(-1.,0.,0.));
#3451=DIRECTION('',(0.,1.,0.));
#3452=DIRECTION('',(-1.,0.,0.));
#3453=DIRECTION('',(0.,1.,0.));
#3454=DIRECTION('',(-1.,0.,0.));
#3455=DIRECTION('',(0.,1.,0.));
#3456=DIRECTION('',(-1.,0.,0.));
#3457=DIRECTION('',(0.,1.,0.));
#3458=DIRECTION('',(-1.,0.,0.));
#3459=DIRECTION('',(0.,1.,0.));
#3460=DIRECTION('',(-1.,0.,0.));
#3461=DIRECTION('',(-1.,0.,0.));
#3462=DIRECTION('',(0.,1.,0.));
#3463=DIRECTION('',(-1.,0.,0.));
#3464=DIRECTION('',(0.,1.,0.));
#3465=DIRECTION('',(-1.,0.,0.));
#3466=DIRECTION('',(0.,1.,0.));
#3467=DIRECTION('',(-1.,0.,0.));
#3468=DIRECTION('',(0.,1.,0.));
#3469=DIRECTION('',(0.,1.,0.));
#3470=DIRECTION('',(-1.,0.,0.));
#3471=DIRECTION('',(0.,1.,0.));
#3472=DIRECTION('',(-1.,0.,0.));
#3473=DIRECTION('',(-1.,0.,0.));
#3474=DIRECTION('',(0.,1.,0.));
#3475=DIRECTION('',(-1.,0.,0.));
#3476=DIRECTION('',(0.,1.,0.));
#3477=DIRECTION('',(-1.,0.,0.));
#3478=DIRECTION('',(0.,1.,0.));
#3479=DIRECTION('',(-1.,0.,0.));
#3480=DIRECTION('',(0.,1.,0.));
#3481=DIRECTION('',(0.,1.,0.));
#3482=DIRECTION('',(-1.,0.,0.));
#3483=DIRECTION('',(0.,1.,0.));
#3484=DIRECTION('',(-1.,0.,0.));
#3485=DIRECTION('',(0.,1.,0.));
#3486=DIRECTION('',(-1.,0.,0.));
#3487=DIRECTION('',(0.,1.,0.));
#3488=DIRECTION('',(-1.,0.,0.));
#3489=DIRECTION('',(0.,1.,0.));
#3490=DIRECTION('',(-1.,0.,0.));
#3491=DIRECTION('',(0.,1.,0.));
#3492=DIRECTION('',(-1.,0.,0.));
#3493=DIRECTION('',(0.,1.,0.));
#3494=DIRECTION('',(-1.,0.,0.));
#3495=DIRECTION('',(0.,1.,0.));
#3496=DIRECTION('',(-1.,0.,0.));
#3497=DIRECTION('',(0.,1.,0.));
#3498=DIRECTION('',(-1.,0.,0.));
#3499=DIRECTION('',(0.,1.,0.));
#3500=DIRECTION('',(-1.,0.,0.));
#3501=DIRECTION('',(0.,1.,0.));
#3502=DIRECTION('',(-1.,0.,0.));
#3503=DIRECTION('',(0.,1.,0.));
#3504=DIRECTION('',(-1.,0.,0.));
#3505=DIRECTION('',(0.,1.,0.));
#3506=DIRECTION('',(-1.,0.,0.));
#3507=DIRECTION('',(0.,1.,0.));
#3508=DIRECTION('',(-1.,0.,0.));
#3509=DIRECTION('',(0.,1.,0.));
#3510=DIRECTION('',(-1.,0.,0.));
#3511=DIRECTION('',(0.,1.,0.));
#3512=DIRECTION('',(-1.,0.,0.));
#3513=DIRECTION('',(0.,1.,0.));
#3514=DIRECTION('',(-1.,0.,0.));
#3515=DIRECTION('',(0.,1.,0.));
#3516=DIRECTION('',(-1.,0.,0.));
#3517=DIRECTION('',(0.,1.,0.));
#3518=DIRECTION('',(-1.,0.,0.));
#3519=DIRECTION('',(0.,1.,0.));
#3520=DIRECTION('',(-1.,0.,0.));
#3521=DIRECTION('',(-1.,0.,0.));
#3522=DIRECTION('',(0.,0.,1.));
#3523=DIRECTION('',(0.,0.,1.));
#3524=DIRECTION('',(0.,0.,1.));
#3525=DIRECTION('',(-7.96691610876669E-17,1.,0.));
#3526=DIRECTION('',(-1.,-7.96691610876669E-17,0.));
#3527=DIRECTION('',(-1.59338322175333E-16,1.,0.));
#3528=DIRECTION('',(-1.,-1.59338322175333E-16,0.));
#3529=DIRECTION('',(0.,1.,0.));
#3530=DIRECTION('',(0.,0.,1.));
#3531=DIRECTION('',(0.,0.,-1.));
#3532=DIRECTION('',(0.,0.,1.));
#3533=DIRECTION('',(1.,0.,0.));
#3534=DIRECTION('',(0.,0.,-1.));
#3535=DIRECTION('',(0.,0.,1.));
#3536=DIRECTION('',(0.,1.,0.));
#3537=DIRECTION('',(0.,0.,1.));
#3538=DIRECTION('',(0.,0.,-1.));
#3539=DIRECTION('',(0.,1.,0.));
#3540=DIRECTION('',(0.,0.,1.));
#3541=DIRECTION('',(0.,0.,1.));
#3542=DIRECTION('',(0.,0.,1.));
#3543=DIRECTION('',(1.,0.,0.));
#3544=DIRECTION('',(0.,0.,-1.));
#3545=DIRECTION('',(0.,0.,1.));
#3546=DIRECTION('',(0.,1.,0.));
#3547=DIRECTION('',(0.,0.,1.));
#3548=DIRECTION('',(0.,0.,1.));
#3549=DIRECTION('',(1.,0.,0.));
#3550=DIRECTION('',(0.,0.,-1.));
#3551=DIRECTION('',(0.,1.,0.));
#3552=DIRECTION('',(0.,0.,1.));
#3553=DIRECTION('',(0.,0.,1.));
#3554=DIRECTION('',(0.,0.,1.));
#3555=DIRECTION('',(1.,0.,0.));
#3556=DIRECTION('',(0.,0.,-1.));
#3557=DIRECTION('',(0.,0.,1.));
#3558=DIRECTION('',(0.,1.,0.));
#3559=DIRECTION('',(0.,0.,1.));
#3560=DIRECTION('',(0.,0.,1.));
#3561=DIRECTION('',(1.,0.,0.));
#3562=DIRECTION('',(0.,0.,-1.));
#3563=DIRECTION('',(0.,1.,0.));
#3564=DIRECTION('',(0.,0.,1.));
#3565=DIRECTION('',(0.,0.,1.));
#3566=DIRECTION('',(0.,0.,1.));
#3567=DIRECTION('',(1.,0.,0.));
#3568=DIRECTION('',(0.,0.,-1.));
#3569=DIRECTION('',(0.,0.,1.));
#3570=DIRECTION('',(0.,1.,0.));
#3571=DIRECTION('',(0.,0.,1.));
#3572=DIRECTION('',(0.,0.,1.));
#3573=DIRECTION('',(1.,0.,0.));
#3574=DIRECTION('',(0.,0.,-1.));
#3575=DIRECTION('',(0.,1.,0.));
#3576=DIRECTION('',(0.,0.,1.));
#3577=DIRECTION('',(0.,0.,1.));
#3578=DIRECTION('',(0.,0.,1.));
#3579=DIRECTION('',(1.,0.,0.));
#3580=DIRECTION('',(0.,0.,-1.));
#3581=DIRECTION('',(0.,0.,1.));
#3582=DIRECTION('',(0.,1.,0.));
#3583=DIRECTION('',(0.,0.,1.));
#3584=DIRECTION('',(0.,0.,1.));
#3585=DIRECTION('',(1.,0.,0.));
#3586=DIRECTION('',(0.,0.,-1.));
#3587=DIRECTION('',(0.,1.,0.));
#3588=DIRECTION('',(0.,0.,1.));
#3589=DIRECTION('',(0.,0.,1.));
#3590=DIRECTION('',(0.,0.,1.));
#3591=DIRECTION('',(1.,0.,0.));
#3592=DIRECTION('',(0.,0.,-1.));
#3593=DIRECTION('',(0.,0.,1.));
#3594=DIRECTION('',(0.,1.,0.));
#3595=DIRECTION('',(0.,0.,1.));
#3596=DIRECTION('',(0.,0.,1.));
#3597=DIRECTION('',(1.,0.,0.));
#3598=DIRECTION('',(0.,0.,-1.));
#3599=DIRECTION('',(0.,1.,0.));
#3600=DIRECTION('',(0.,0.,1.));
#3601=DIRECTION('',(0.,0.,1.));
#3602=DIRECTION('',(1.,0.,0.));
#3603=DIRECTION('',(0.,0.,-1.));
#3604=DIRECTION('',(0.,0.,1.));
#3605=DIRECTION('',(0.,1.,0.));
#3606=DIRECTION('',(0.,0.,1.));
#3607=DIRECTION('',(0.,0.,-1.));
#3608=DIRECTION('',(0.,1.,0.));
#3609=DIRECTION('',(0.,0.,1.));
#3610=DIRECTION('',(0.,0.,1.));
#3611=DIRECTION('',(0.,0.,1.));
#3612=DIRECTION('',(1.,0.,0.));
#3613=DIRECTION('',(0.,0.,-1.));
#3614=DIRECTION('',(0.,0.,1.));
#3615=DIRECTION('',(0.,1.,0.));
#3616=DIRECTION('',(0.,0.,1.));
#3617=DIRECTION('',(0.,0.,1.));
#3618=DIRECTION('',(1.,0.,0.));
#3619=DIRECTION('',(0.,0.,-1.));
#3620=DIRECTION('',(0.,1.,0.));
#3621=DIRECTION('',(0.,0.,1.));
#3622=DIRECTION('',(0.,0.,1.));
#3623=DIRECTION('',(0.,0.,1.));
#3624=DIRECTION('',(1.,0.,0.));
#3625=DIRECTION('',(0.,0.,-1.));
#3626=DIRECTION('',(0.,0.,1.));
#3627=DIRECTION('',(0.,1.,0.));
#3628=DIRECTION('',(0.,0.,1.));
#3629=DIRECTION('',(0.,0.,1.));
#3630=DIRECTION('',(1.,0.,0.));
#3631=DIRECTION('',(0.,0.,-1.));
#3632=DIRECTION('',(0.,1.,0.));
#3633=DIRECTION('',(0.,0.,1.));
#3634=DIRECTION('',(0.,0.,1.));
#3635=DIRECTION('',(0.,0.,1.));
#3636=DIRECTION('',(1.,0.,0.));
#3637=DIRECTION('',(0.,0.,-1.));
#3638=DIRECTION('',(0.,0.,1.));
#3639=DIRECTION('',(0.,1.,0.));
#3640=DIRECTION('',(0.,0.,1.));
#3641=DIRECTION('',(0.,0.,1.));
#3642=DIRECTION('',(1.,0.,0.));
#3643=DIRECTION('',(0.,0.,-1.));
#3644=DIRECTION('',(0.,1.,0.));
#3645=DIRECTION('',(0.,0.,1.));
#3646=DIRECTION('',(0.,0.,1.));
#3647=DIRECTION('',(0.,0.,1.));
#3648=DIRECTION('',(1.,0.,0.));
#3649=DIRECTION('',(0.,0.,-1.));
#3650=DIRECTION('',(0.,0.,1.));
#3651=DIRECTION('',(0.,1.,0.));
#3652=DIRECTION('',(0.,0.,1.));
#3653=DIRECTION('',(0.,0.,1.));
#3654=DIRECTION('',(1.,0.,0.));
#3655=DIRECTION('',(0.,0.,-1.));
#3656=DIRECTION('',(0.,1.,0.));
#3657=DIRECTION('',(0.,0.,1.));
#3658=DIRECTION('',(0.,0.,1.));
#3659=DIRECTION('',(0.,0.,1.));
#3660=DIRECTION('',(1.,0.,0.));
#3661=DIRECTION('',(0.,0.,-1.));
#3662=DIRECTION('',(0.,0.,1.));
#3663=DIRECTION('',(0.,1.,0.));
#3664=DIRECTION('',(0.,0.,1.));
#3665=DIRECTION('',(0.,0.,1.));
#3666=DIRECTION('',(1.,0.,0.));
#3667=DIRECTION('',(0.,0.,-1.));
#3668=DIRECTION('',(0.,1.,0.));
#3669=DIRECTION('',(0.,0.,1.));
#3670=DIRECTION('',(0.,0.,1.));
#3671=DIRECTION('',(0.,0.,1.));
#3672=DIRECTION('',(1.,0.,0.));
#3673=DIRECTION('',(0.,0.,-1.));
#3674=DIRECTION('',(0.,0.,1.));
#3675=DIRECTION('',(0.,1.,0.));
#3676=DIRECTION('',(0.,0.,1.));
#3677=DIRECTION('',(0.,0.,1.));
#3678=DIRECTION('',(1.,0.,0.));
#3679=DIRECTION('',(0.,0.,-1.));
#3680=DIRECTION('',(1.,0.,0.));
#3681=DIRECTION('',(0.,0.,-1.));
#3682=DIRECTION('',(0.,0.,1.));
#3683=DIRECTION('',(0.,0.,1.));
#3684=DIRECTION('',(0.,1.,0.));
#3685=DIRECTION('',(0.,0.,1.));
#3686=DIRECTION('',(0.,0.,1.));
#3687=DIRECTION('',(1.,0.,0.));
#3688=DIRECTION('',(0.,0.,-1.));
#3689=DIRECTION('',(0.,0.,1.));
#3690=DIRECTION('',(0.,1.,0.));
#3691=DIRECTION('',(0.,0.,1.));
#3692=DIRECTION('',(1.,0.,0.));
#3693=DIRECTION('',(0.,0.,-1.));
#3694=DIRECTION('',(0.,0.,1.));
#3695=DIRECTION('',(0.,0.,1.));
#3696=DIRECTION('',(0.,1.,0.));
#3697=DIRECTION('',(0.,0.,1.));
#3698=DIRECTION('',(0.,0.,1.));
#3699=DIRECTION('',(1.,0.,0.));
#3700=DIRECTION('',(0.,0.,-1.));
#3701=DIRECTION('',(0.,0.,1.));
#3702=DIRECTION('',(0.,1.,0.));
#3703=DIRECTION('',(0.,0.,1.));
#3704=DIRECTION('',(0.,1.,0.));
#3705=DIRECTION('',(0.,0.,1.));
#3706=DIRECTION('',(0.,0.,1.));
#3707=DIRECTION('',(0.,0.,1.));
#3708=DIRECTION('',(1.,0.,0.));
#3709=DIRECTION('',(0.,0.,-1.));
#3710=DIRECTION('',(0.,0.,1.));
#3711=DIRECTION('',(0.,1.,0.));
#3712=DIRECTION('',(0.,0.,1.));
#3713=DIRECTION('',(0.,0.,1.));
#3714=DIRECTION('',(1.,0.,0.));
#3715=DIRECTION('',(0.,0.,-1.));
#3716=DIRECTION('',(1.,0.,0.));
#3717=DIRECTION('',(0.,0.,-1.));
#3718=DIRECTION('',(0.,0.,1.));
#3719=DIRECTION('',(0.,0.,1.));
#3720=DIRECTION('',(0.,1.,0.));
#3721=DIRECTION('',(0.,0.,1.));
#3722=DIRECTION('',(0.,0.,1.));
#3723=DIRECTION('',(1.,0.,0.));
#3724=DIRECTION('',(0.,0.,-1.));
#3725=DIRECTION('',(0.,0.,1.));
#3726=DIRECTION('',(0.,1.,0.));
#3727=DIRECTION('',(0.,0.,1.));
#3728=DIRECTION('',(1.,0.,0.));
#3729=DIRECTION('',(0.,0.,-1.));
#3730=DIRECTION('',(0.,0.,1.));
#3731=DIRECTION('',(0.,0.,1.));
#3732=DIRECTION('',(0.,1.,0.));
#3733=DIRECTION('',(0.,0.,1.));
#3734=DIRECTION('',(0.,0.,1.));
#3735=DIRECTION('',(1.,0.,0.));
#3736=DIRECTION('',(0.,0.,-1.));
#3737=DIRECTION('',(0.,0.,1.));
#3738=DIRECTION('',(0.,1.,0.));
#3739=DIRECTION('',(0.,0.,1.));
#3740=DIRECTION('',(0.,1.,0.));
#3741=DIRECTION('',(0.,0.,1.));
#3742=DIRECTION('',(0.,0.,-1.));
#3743=DIRECTION('',(0.,0.,1.));
#3744=DIRECTION('',(1.,0.,0.));
#3745=DIRECTION('',(0.,0.,-1.));
#3746=DIRECTION('',(0.,0.,1.));
#3747=DIRECTION('',(0.,1.,0.));
#3748=DIRECTION('',(0.,0.,1.));
#3749=DIRECTION('',(0.,1.,0.));
#3750=DIRECTION('',(0.,0.,1.));
#3751=DIRECTION('',(0.,0.,1.));
#3752=DIRECTION('',(0.,0.,1.));
#3753=DIRECTION('',(1.,0.,0.));
#3754=DIRECTION('',(0.,0.,-1.));
#3755=DIRECTION('',(0.,0.,1.));
#3756=DIRECTION('',(0.,1.,0.));
#3757=DIRECTION('',(0.,0.,1.));
#3758=DIRECTION('',(0.,0.,1.));
#3759=DIRECTION('',(1.,0.,0.));
#3760=DIRECTION('',(0.,0.,-1.));
#3761=DIRECTION('',(0.,1.,0.));
#3762=DIRECTION('',(0.,0.,1.));
#3763=DIRECTION('',(0.,0.,1.));
#3764=DIRECTION('',(0.,0.,1.));
#3765=DIRECTION('',(1.,0.,0.));
#3766=DIRECTION('',(0.,0.,-1.));
#3767=DIRECTION('',(0.,0.,1.));
#3768=DIRECTION('',(0.,1.,0.));
#3769=DIRECTION('',(0.,0.,1.));
#3770=DIRECTION('',(0.,0.,1.));
#3771=DIRECTION('',(1.,0.,0.));
#3772=DIRECTION('',(0.,0.,-1.));
#3773=DIRECTION('',(0.,1.,0.));
#3774=DIRECTION('',(0.,0.,1.));
#3775=DIRECTION('',(0.,0.,1.));
#3776=DIRECTION('',(0.,0.,1.));
#3777=DIRECTION('',(1.,0.,0.));
#3778=DIRECTION('',(0.,0.,-1.));
#3779=DIRECTION('',(0.,0.,1.));
#3780=DIRECTION('',(0.,1.,0.));
#3781=DIRECTION('',(0.,0.,1.));
#3782=DIRECTION('',(0.,0.,1.));
#3783=DIRECTION('',(1.,0.,0.));
#3784=DIRECTION('',(0.,0.,-1.));
#3785=DIRECTION('',(0.,1.,0.));
#3786=DIRECTION('',(0.,0.,1.));
#3787=DIRECTION('',(0.,0.,1.));
#3788=DIRECTION('',(0.,0.,1.));
#3789=DIRECTION('',(1.,0.,0.));
#3790=DIRECTION('',(0.,0.,-1.));
#3791=DIRECTION('',(0.,0.,1.));
#3792=DIRECTION('',(0.,1.,0.));
#3793=DIRECTION('',(0.,0.,1.));
#3794=DIRECTION('',(0.,0.,1.));
#3795=DIRECTION('',(1.,0.,0.));
#3796=DIRECTION('',(0.,0.,-1.));
#3797=DIRECTION('',(0.,1.,0.));
#3798=DIRECTION('',(0.,0.,1.));
#3799=DIRECTION('',(0.,0.,1.));
#3800=DIRECTION('',(0.,0.,1.));
#3801=DIRECTION('',(1.,0.,0.));
#3802=DIRECTION('',(0.,0.,-1.));
#3803=DIRECTION('',(0.,0.,1.));
#3804=DIRECTION('',(0.,1.,0.));
#3805=DIRECTION('',(0.,0.,1.));
#3806=DIRECTION('',(0.,0.,1.));
#3807=DIRECTION('',(1.,0.,0.));
#3808=DIRECTION('',(0.,0.,-1.));
#3809=DIRECTION('',(0.,1.,0.));
#3810=DIRECTION('',(0.,0.,1.));
#3811=DIRECTION('',(0.,0.,1.));
#3812=DIRECTION('',(0.,0.,1.));
#3813=DIRECTION('',(1.,0.,0.));
#3814=DIRECTION('',(0.,0.,-1.));
#3815=DIRECTION('',(0.,0.,1.));
#3816=DIRECTION('',(0.,1.,0.));
#3817=DIRECTION('',(0.,0.,1.));
#3818=DIRECTION('',(0.,0.,1.));
#3819=DIRECTION('',(1.,0.,0.));
#3820=DIRECTION('',(0.,0.,-1.));
#3821=DIRECTION('',(0.,1.,0.));
#3822=DIRECTION('',(0.,0.,1.));
#3823=DIRECTION('',(0.,0.,-1.));
#3824=DIRECTION('',(0.,0.,1.));
#3825=DIRECTION('',(1.,0.,0.));
#3826=DIRECTION('',(0.,0.,-1.));
#3827=DIRECTION('',(0.,0.,1.));
#3828=DIRECTION('',(0.,1.,0.));
#3829=DIRECTION('',(0.,0.,1.));
#3830=DIRECTION('',(0.,0.,-1.));
#3831=DIRECTION('',(0.,1.,0.));
#3832=DIRECTION('',(0.,0.,1.));
#3833=DIRECTION('',(0.,0.,1.));
#3834=DIRECTION('',(0.,0.,1.));
#3835=DIRECTION('',(1.,0.,0.));
#3836=DIRECTION('',(0.,0.,-1.));
#3837=DIRECTION('',(0.,0.,1.));
#3838=DIRECTION('',(0.,1.,0.));
#3839=DIRECTION('',(0.,0.,1.));
#3840=DIRECTION('',(0.,0.,1.));
#3841=DIRECTION('',(1.,0.,0.));
#3842=DIRECTION('',(0.,0.,-1.));
#3843=DIRECTION('',(0.,1.,0.));
#3844=DIRECTION('',(0.,0.,1.));
#3845=DIRECTION('',(0.,0.,1.));
#3846=DIRECTION('',(0.,0.,1.));
#3847=DIRECTION('',(1.,0.,0.));
#3848=DIRECTION('',(0.,0.,-1.));
#3849=DIRECTION('',(0.,0.,1.));
#3850=DIRECTION('',(0.,1.,0.));
#3851=DIRECTION('',(0.,0.,1.));
#3852=DIRECTION('',(0.,0.,1.));
#3853=DIRECTION('',(1.,0.,0.));
#3854=DIRECTION('',(0.,0.,-1.));
#3855=DIRECTION('',(0.,1.,0.));
#3856=DIRECTION('',(0.,0.,1.));
#3857=DIRECTION('',(0.,0.,1.));
#3858=DIRECTION('',(0.,0.,1.));
#3859=DIRECTION('',(1.,0.,0.));
#3860=DIRECTION('',(0.,0.,-1.));
#3861=DIRECTION('',(0.,0.,1.));
#3862=DIRECTION('',(0.,1.,0.));
#3863=DIRECTION('',(0.,0.,1.));
#3864=DIRECTION('',(0.,0.,1.));
#3865=DIRECTION('',(1.,0.,0.));
#3866=DIRECTION('',(0.,0.,-1.));
#3867=DIRECTION('',(0.,1.,0.));
#3868=DIRECTION('',(0.,0.,1.));
#3869=DIRECTION('',(0.,0.,1.));
#3870=DIRECTION('',(0.,0.,1.));
#3871=DIRECTION('',(1.,0.,0.));
#3872=DIRECTION('',(0.,0.,-1.));
#3873=DIRECTION('',(0.,0.,1.));
#3874=DIRECTION('',(0.,1.,0.));
#3875=DIRECTION('',(0.,0.,1.));
#3876=DIRECTION('',(0.,0.,1.));
#3877=DIRECTION('',(1.,0.,0.));
#3878=DIRECTION('',(0.,0.,-1.));
#3879=DIRECTION('',(1.,0.,0.));
#3880=DIRECTION('',(0.,1.,0.));
#3881=DIRECTION('',(1.,0.,0.));
#3882=DIRECTION('',(0.,1.,0.));
#3883=DIRECTION('',(0.,0.,1.));
#3884=DIRECTION('',(0.,-1.,0.));
#3885=DIRECTION('',(0.,0.,1.));
#3886=DIRECTION('',(0.,-1.,0.));
#3887=DIRECTION('',(1.,0.,0.));
#3888=DIRECTION('',(0.,1.,0.));
#3889=DIRECTION('',(0.,-1.44560289664731E-16,1.));
#3890=DIRECTION('',(0.,-1.,-1.44560289664731E-16));
#3891=DIRECTION('',(1.,0.,0.));
#3892=DIRECTION('',(0.,-1.,-1.44560289664731E-16));
#3893=DIRECTION('',(1.,0.,0.));
#3894=DIRECTION('',(0.,1.,0.));
#3895=DIRECTION('',(0.,0.,1.));
#3896=DIRECTION('',(0.,0.,1.));
#3897=DIRECTION('',(1.,0.,0.));
#3898=DIRECTION('',(0.,0.,1.));
#3899=DIRECTION('',(1.,0.,0.));
#3900=DIRECTION('',(0.,-1.,0.));
#3901=DIRECTION('',(1.,0.,0.));
#3902=DIRECTION('',(0.,1.,0.));
#3903=DIRECTION('',(0.,0.,1.));
#3904=DIRECTION('',(0.,0.,1.));
#3905=DIRECTION('',(1.,0.,0.));
#3906=DIRECTION('',(0.,1.,0.));
#3907=DIRECTION('',(0.,0.,1.));
#3908=DIRECTION('',(1.,0.,0.));
#3909=DIRECTION('',(1.,0.,0.));
#3910=DIRECTION('',(0.,-1.,0.));
#3911=DIRECTION('',(1.,0.,0.));
#3912=DIRECTION('',(0.,1.,0.));
#3913=DIRECTION('',(0.,0.,1.));
#3914=DIRECTION('',(0.,0.,1.));
#3915=DIRECTION('',(1.,0.,0.));
#3916=DIRECTION('',(0.,0.,1.));
#3917=DIRECTION('',(1.,0.,0.));
#3918=DIRECTION('',(0.,-1.,0.));
#3919=DIRECTION('',(1.,0.,0.));
#3920=DIRECTION('',(0.,1.,0.));
#3921=DIRECTION('',(0.,0.,1.));
#3922=DIRECTION('',(0.,0.,1.));
#3923=DIRECTION('',(1.,0.,0.));
#3924=DIRECTION('',(0.,1.,0.));
#3925=DIRECTION('',(0.,0.,-1.));
#3926=DIRECTION('',(-1.,0.,0.));
#3927=DIRECTION('',(-1.,0.,0.));
#3928=DIRECTION('',(0.,-1.,0.));
#3929=DIRECTION('',(-1.,0.,0.));
#3930=DIRECTION('',(0.,-1.,0.));
#3931=DIRECTION('',(0.,0.,-1.));
#3932=DIRECTION('',(0.,0.,1.));
#3933=DIRECTION('',(-1.,0.,0.));
#3934=DIRECTION('',(0.,0.,-1.));
#3935=DIRECTION('',(-1.,0.,0.));
#3936=DIRECTION('',(0.,-1.,0.));
#3937=DIRECTION('',(-1.,0.,0.));
#3938=DIRECTION('',(0.,-1.,0.));
#3939=DIRECTION('',(0.,0.,-1.));
#3940=DIRECTION('',(0.,0.,1.));
#3941=DIRECTION('',(1.,0.,0.));
#3942=DIRECTION('',(0.,1.,0.));
#3943=DIRECTION('',(0.,1.44560289664734E-16,-1.));
#3944=DIRECTION('',(0.,1.,1.44560289664734E-16));
#3945=DIRECTION('',(-1.,0.,0.));
#3946=DIRECTION('',(0.,-1.,-1.44560289664734E-16));
#3947=DIRECTION('',(-1.,0.,0.));
#3948=DIRECTION('',(0.,-1.,0.));
#3949=DIRECTION('',(0.,0.,-1.));
#3950=DIRECTION('',(0.,0.,1.));
#3951=DIRECTION('',(-1.,0.,0.));
#3952=DIRECTION('',(0.,1.44560289664734E-16,-1.));
#3953=DIRECTION('',(0.,1.,1.44560289664734E-16));
#3954=DIRECTION('',(0.,-1.,-1.44560289664734E-16));
#3955=DIRECTION('',(-1.,0.,0.));
#3956=DIRECTION('',(0.,-1.,0.));
#3957=DIRECTION('',(0.,0.,-1.));
#3958=DIRECTION('',(0.,0.,1.));
#3959=DIRECTION('',(1.,0.,0.));
#3960=DIRECTION('',(0.,1.,0.));
#3961=CARTESIAN_POINT('',(0.,0.,0.));
#3962=CARTESIAN_POINT('',(189.08,-300.46,8.01));
#3963=CARTESIAN_POINT('',(189.08,-244.919091463089,-2.49));
#3964=CARTESIAN_POINT('',(189.08,-244.919091463089,1.51));
#3965=CARTESIAN_POINT('',(189.08,-244.919091463089,-2.49));
#3966=CARTESIAN_POINT('',(189.08,-300.481855869293,-2.49));
#3967=CARTESIAN_POINT('',(189.08,-257.597691528762,-2.49));
#3968=CARTESIAN_POINT('',(189.08,-257.597691528762,-11.49));
#3969=CARTESIAN_POINT('',(189.08,-257.597691528762,1.51));
#3970=CARTESIAN_POINT('',(189.08,-300.481855869293,1.51));
#3971=CARTESIAN_POINT('',(189.08,-251.756690340042,-1.97418382018806));
#3972=CARTESIAN_POINT('',(189.08,-250.256690340042,-1.97418382018806));
#3973=CARTESIAN_POINT('',(189.08,-253.256690340042,-1.97418382018806));
#3974=CARTESIAN_POINT('',(189.08,-250.256690340042,-0.474183820188056));
#3975=CARTESIAN_POINT('',(189.08,-250.256690340042,1.02581617981196));
#3976=CARTESIAN_POINT('',(189.08,-251.756690340042,1.02581617981196));
#3977=CARTESIAN_POINT('',(189.08,-253.256690340042,1.02581617981196));
#3978=CARTESIAN_POINT('',(189.08,-253.256690340042,-0.474183820188056));
#3979=CARTESIAN_POINT('',(189.08,-300.46,8.01));
#3980=CARTESIAN_POINT('',(189.08,-352.075838279724,-0.474183820188056));
#3981=CARTESIAN_POINT('',(189.08,-352.075838279724,-1.97418382018806));
#3982=CARTESIAN_POINT('',(189.08,-352.075838279724,1.02581617981194));
#3983=CARTESIAN_POINT('',(189.08,-350.575838279724,-1.97418382018806));
#3984=CARTESIAN_POINT('',(189.08,-349.075838279724,-1.97418382018806));
#3985=CARTESIAN_POINT('',(189.08,-349.075838279724,-0.474183820188055));
#3986=CARTESIAN_POINT('',(189.08,-349.075838279724,1.02581617981194));
#3987=CARTESIAN_POINT('',(189.08,-350.575838279724,1.02581617981194));
#3988=CARTESIAN_POINT('',(189.08,-300.481855869293,1.51));
#3989=CARTESIAN_POINT('',(189.08,-356.044620275497,1.51));
#3990=CARTESIAN_POINT('',(189.08,-328.763329396938,1.51));
#3991=CARTESIAN_POINT('',(189.08,-328.763329396938,-11.49));
#3992=CARTESIAN_POINT('',(189.08,-328.763329396938,-2.49));
#3993=CARTESIAN_POINT('',(189.08,-300.481855869293,-2.49));
#3994=CARTESIAN_POINT('',(189.08,-356.044620275497,-2.49));
#3995=CARTESIAN_POINT('',(189.08,-356.044620275497,-2.49));
#3996=CARTESIAN_POINT('',(189.08,-331.575838279724,-1.97418382018806));
#3997=CARTESIAN_POINT('',(189.08,-330.075838279724,-1.97418382018806));
#3998=CARTESIAN_POINT('',(189.08,-333.075838279724,-1.97418382018806));
#3999=CARTESIAN_POINT('',(189.08,-330.075838279724,-0.474183820188055));
#4000=CARTESIAN_POINT('',(189.08,-330.075838279724,1.02581617981194));
#4001=CARTESIAN_POINT('',(189.08,-331.575838279724,1.02581617981195));
#4002=CARTESIAN_POINT('',(189.08,-333.075838279724,1.02581617981195));
#4003=CARTESIAN_POINT('',(189.08,-333.075838279724,-0.474183820188056));
#4004=CARTESIAN_POINT('',(190.253354550805,-300.481855869293,-2.49));
#4005=CARTESIAN_POINT('',(190.253354550805,-271.60709429506,-2.49));
#4006=CARTESIAN_POINT('',(249.077170360088,-271.60709429506,-2.49));
#4007=CARTESIAN_POINT('',(235.085842403769,-271.60709429506,-2.49));
#4008=CARTESIAN_POINT('',(249.077170360088,-300.481855869293,-2.49));
#4009=CARTESIAN_POINT('',(249.077170360088,-257.597691528762,-2.49));
#4010=CARTESIAN_POINT('',(190.253354550805,-257.597691528762,-2.49));
#4011=CARTESIAN_POINT('',(235.085842403769,-257.597691528762,-2.49));
#4012=CARTESIAN_POINT('',(235.085842403769,-300.481855869293,-2.49));
#4013=CARTESIAN_POINT('',(190.253354550805,-271.60709429506,-2.49));
#4014=CARTESIAN_POINT('',(268.127170360089,-271.60709429506,-2.49));
#4015=CARTESIAN_POINT('',(254.13584240377,-271.60709429506,-2.49));
#4016=CARTESIAN_POINT('',(268.127170360089,-300.481855869293,-2.49));
#4017=CARTESIAN_POINT('',(268.127170360089,-257.597691528762,-2.49));
#4018=CARTESIAN_POINT('',(190.253354550805,-257.597691528762,-2.49));
#4019=CARTESIAN_POINT('',(254.13584240377,-257.597691528762,-2.49));
#4020=CARTESIAN_POINT('',(254.13584240377,-300.481855869293,-2.49));
#4021=CARTESIAN_POINT('',(190.253354550805,-271.60709429506,-2.49));
#4022=CARTESIAN_POINT('',(210.977170360088,-271.60709429506,-2.49));
#4023=CARTESIAN_POINT('',(196.98584240377,-271.60709429506,-2.49));
#4024=CARTESIAN_POINT('',(210.977170360088,-300.481855869293,-2.49));
#4025=CARTESIAN_POINT('',(210.977170360088,-257.597691528762,-2.49));
#4026=CARTESIAN_POINT('',(190.253354550805,-257.597691528762,-2.49));
#4027=CARTESIAN_POINT('',(196.98584240377,-257.597691528762,-2.49));
#4028=CARTESIAN_POINT('',(196.98584240377,-300.481855869293,-2.49));
#4029=CARTESIAN_POINT('',(190.253354550805,-271.60709429506,-2.49));
#4030=CARTESIAN_POINT('',(230.027170360088,-271.60709429506,-2.49));
#4031=CARTESIAN_POINT('',(216.035842403769,-271.60709429506,-2.49));
#4032=CARTESIAN_POINT('',(230.027170360088,-300.481855869293,-2.49));
#4033=CARTESIAN_POINT('',(230.027170360088,-257.597691528762,-2.49));
#4034=CARTESIAN_POINT('',(190.253354550805,-257.597691528762,-2.49));
#4035=CARTESIAN_POINT('',(216.035842403769,-257.597691528762,-2.49));
#4036=CARTESIAN_POINT('',(216.035842403769,-300.481855869293,-2.49));
#4037=CARTESIAN_POINT('',(190.253354550805,-271.700944932221,-2.49));
#4038=CARTESIAN_POINT('',(298.527673818171,-271.700944932221,-2.49));
#4039=CARTESIAN_POINT('',(284.536345861852,-271.700944932221,-2.49));
#4040=CARTESIAN_POINT('',(298.527673818171,-300.481855869293,-2.49));
#4041=CARTESIAN_POINT('',(298.527673818171,-257.691542165922,-2.49));
#4042=CARTESIAN_POINT('',(190.253354550805,-257.691542165922,-2.49));
#4043=CARTESIAN_POINT('',(284.536345861852,-257.691542165922,-2.49));
#4044=CARTESIAN_POINT('',(284.536345861852,-300.481855869293,-2.49));
#4045=CARTESIAN_POINT('',(190.253354550805,-328.846367526576,-2.49));
#4046=CARTESIAN_POINT('',(263.352807936193,-328.846367526576,-2.49));
#4047=CARTESIAN_POINT('',(249.361479979874,-328.846367526576,-2.49));
#4048=CARTESIAN_POINT('',(263.352807936193,-300.481855869293,-2.49));
#4049=CARTESIAN_POINT('',(263.352807936193,-314.836964760278,-2.49));
#4050=CARTESIAN_POINT('',(190.253354550805,-314.836964760278,-2.49));
#4051=CARTESIAN_POINT('',(249.361479979874,-314.836964760278,-2.49));
#4052=CARTESIAN_POINT('',(249.361479979874,-300.481855869293,-2.49));
#4053=CARTESIAN_POINT('',(201.666949852963,-300.481855869293,-2.49));
#4054=CARTESIAN_POINT('',(201.666949852963,-328.763329396938,-2.49));
#4055=CARTESIAN_POINT('',(201.666949852963,-314.75392663064,-2.49));
#4056=CARTESIAN_POINT('',(190.253354550805,-328.763329396938,-2.49));
#4057=CARTESIAN_POINT('',(215.658277809283,-328.763329396938,-2.49));
#4058=CARTESIAN_POINT('',(215.658277809283,-300.481855869293,-2.49));
#4059=CARTESIAN_POINT('',(215.658277809283,-314.75392663064,-2.49));
#4060=CARTESIAN_POINT('',(190.253354550805,-314.75392663064,-2.49));
#4061=CARTESIAN_POINT('',(190.253354550805,-347.76962625017,-2.49));
#4062=CARTESIAN_POINT('',(215.743585043454,-347.76962625017,-2.49));
#4063=CARTESIAN_POINT('',(201.752257087134,-347.76962625017,-2.49));
#4064=CARTESIAN_POINT('',(215.743585043454,-300.481855869293,-2.49));
#4065=CARTESIAN_POINT('',(215.743585043454,-333.760223483872,-2.49));
#4066=CARTESIAN_POINT('',(190.253354550805,-333.760223483872,-2.49));
#4067=CARTESIAN_POINT('',(201.752257087134,-333.760223483872,-2.49));
#4068=CARTESIAN_POINT('',(201.752257087134,-300.481855869293,-2.49));
#4069=CARTESIAN_POINT('',(190.253354550805,-347.76962625017,-2.49));
#4070=CARTESIAN_POINT('',(253.843585043454,-347.76962625017,-2.49));
#4071=CARTESIAN_POINT('',(239.852257087135,-347.76962625017,-2.49));
#4072=CARTESIAN_POINT('',(253.843585043454,-300.481855869293,-2.49));
#4073=CARTESIAN_POINT('',(253.843585043454,-333.760223483872,-2.49));
#4074=CARTESIAN_POINT('',(190.253354550805,-333.760223483872,-2.49));
#4075=CARTESIAN_POINT('',(239.852257087135,-333.760223483872,-2.49));
#4076=CARTESIAN_POINT('',(239.852257087135,-300.481855869293,-2.49));
#4077=CARTESIAN_POINT('',(190.253354550805,-347.76962625017,-2.49));
#4078=CARTESIAN_POINT('',(291.943585043454,-347.76962625017,-2.49));
#4079=CARTESIAN_POINT('',(277.952257087135,-347.76962625017,-2.49));
#4080=CARTESIAN_POINT('',(291.943585043454,-300.481855869293,-2.49));
#4081=CARTESIAN_POINT('',(291.943585043454,-333.760223483872,-2.49));
#4082=CARTESIAN_POINT('',(190.253354550805,-333.760223483872,-2.49));
#4083=CARTESIAN_POINT('',(277.952257087135,-333.760223483872,-2.49));
#4084=CARTESIAN_POINT('',(277.952257087135,-300.481855869293,-2.49));
#4085=CARTESIAN_POINT('',(190.253354550805,-356.044620275497,-2.49));
#4086=CARTESIAN_POINT('',(364.446073770523,-356.044620275497,-2.49));
#4087=CARTESIAN_POINT('',(190.253354550805,-328.763329396938,-2.49));
#4088=CARTESIAN_POINT('',(196.608277809283,-328.763329396938,-2.49));
#4089=CARTESIAN_POINT('',(196.608277809283,-300.481855869293,-2.49));
#4090=CARTESIAN_POINT('',(196.608277809283,-314.75392663064,-2.49));
#4091=CARTESIAN_POINT('',(190.253354550805,-314.75392663064,-2.49));
#4092=CARTESIAN_POINT('',(189.08,-314.75392663064,-2.49));
#4093=CARTESIAN_POINT('',(189.08,-300.481855869293,-2.49));
#4094=CARTESIAN_POINT('',(189.08,-309.629183407474,-2.49));
#4095=CARTESIAN_POINT('',(190.253354550805,-309.629183407474,-2.49));
#4096=CARTESIAN_POINT('',(191.891040261962,-309.629183407474,-2.49));
#4097=CARTESIAN_POINT('',(191.891040261962,-300.481855869293,-2.49));
#4098=CARTESIAN_POINT('',(191.891040261962,-295.619780641176,-2.49));
#4099=CARTESIAN_POINT('',(190.253354550805,-295.619780641176,-2.49));
#4100=CARTESIAN_POINT('',(189.08,-295.619780641176,-2.49));
#4101=CARTESIAN_POINT('',(189.08,-300.481855869293,-2.49));
#4102=CARTESIAN_POINT('',(189.08,-290.65709429506,-2.49));
#4103=CARTESIAN_POINT('',(190.253354550805,-290.65709429506,-2.49));
#4104=CARTESIAN_POINT('',(191.927170360088,-290.65709429506,-2.49));
#4105=CARTESIAN_POINT('',(191.927170360088,-300.481855869293,-2.49));
#4106=CARTESIAN_POINT('',(191.927170360088,-276.647691528761,-2.49));
#4107=CARTESIAN_POINT('',(190.253354550805,-276.647691528761,-2.49));
#4108=CARTESIAN_POINT('',(189.08,-276.647691528761,-2.49));
#4109=CARTESIAN_POINT('',(189.08,-300.481855869293,-2.49));
#4110=CARTESIAN_POINT('',(189.08,-271.60709429506,-2.49));
#4111=CARTESIAN_POINT('',(190.253354550805,-271.60709429506,-2.49));
#4112=CARTESIAN_POINT('',(191.927170360088,-271.60709429506,-2.49));
#4113=CARTESIAN_POINT('',(191.927170360088,-300.481855869293,-2.49));
#4114=CARTESIAN_POINT('',(191.927170360088,-257.597691528762,-2.49));
#4115=CARTESIAN_POINT('',(190.253354550805,-257.597691528762,-2.49));
#4116=CARTESIAN_POINT('',(190.253354550805,-244.919091463089,-2.49));
#4117=CARTESIAN_POINT('',(364.446073770523,-244.919091463089,-2.49));
#4118=CARTESIAN_POINT('',(364.446073770523,-300.481855869293,-2.49));
#4119=CARTESIAN_POINT('',(190.253354550805,-309.629906861458,-2.49));
#4120=CARTESIAN_POINT('',(299.009177533318,-309.629906861458,-2.49));
#4121=CARTESIAN_POINT('',(285.017849576998,-309.629906861458,-2.49));
#4122=CARTESIAN_POINT('',(299.009177533318,-300.481855869293,-2.49));
#4123=CARTESIAN_POINT('',(299.009177533318,-295.620504095158,-2.49));
#4124=CARTESIAN_POINT('',(190.253354550805,-295.620504095158,-2.49));
#4125=CARTESIAN_POINT('',(285.017849576998,-295.620504095158,-2.49));
#4126=CARTESIAN_POINT('',(285.017849576998,-300.481855869293,-2.49));
#4127=CARTESIAN_POINT('',(190.253354550805,-309.629183407474,-2.49));
#4128=CARTESIAN_POINT('',(249.041040261962,-309.629183407474,-2.49));
#4129=CARTESIAN_POINT('',(235.049712305643,-309.629183407474,-2.49));
#4130=CARTESIAN_POINT('',(249.041040261962,-300.481855869293,-2.49));
#4131=CARTESIAN_POINT('',(249.041040261962,-295.619780641176,-2.49));
#4132=CARTESIAN_POINT('',(190.253354550805,-295.619780641176,-2.49));
#4133=CARTESIAN_POINT('',(235.049712305643,-295.619780641176,-2.49));
#4134=CARTESIAN_POINT('',(235.049712305643,-300.481855869293,-2.49));
#4135=CARTESIAN_POINT('',(190.253354550805,-309.629183407474,-2.49));
#4136=CARTESIAN_POINT('',(210.941040261962,-309.629183407474,-2.49));
#4137=CARTESIAN_POINT('',(196.949712305642,-309.629183407474,-2.49));
#4138=CARTESIAN_POINT('',(210.941040261962,-300.481855869293,-2.49));
#4139=CARTESIAN_POINT('',(210.941040261962,-295.619780641176,-2.49));
#4140=CARTESIAN_POINT('',(190.253354550805,-295.619780641176,-2.49));
#4141=CARTESIAN_POINT('',(196.949712305642,-295.619780641176,-2.49));
#4142=CARTESIAN_POINT('',(196.949712305642,-300.481855869293,-2.49));
#4143=CARTESIAN_POINT('',(190.253354550805,-309.629183407474,-2.49));
#4144=CARTESIAN_POINT('',(229.991040261962,-309.629183407474,-2.49));
#4145=CARTESIAN_POINT('',(215.999712305643,-309.629183407474,-2.49));
#4146=CARTESIAN_POINT('',(229.991040261962,-300.481855869293,-2.49));
#4147=CARTESIAN_POINT('',(229.991040261962,-295.619780641176,-2.49));
#4148=CARTESIAN_POINT('',(190.253354550805,-295.619780641176,-2.49));
#4149=CARTESIAN_POINT('',(215.999712305643,-295.619780641176,-2.49));
#4150=CARTESIAN_POINT('',(215.999712305643,-300.481855869293,-2.49));
#4151=CARTESIAN_POINT('',(190.253354550805,-309.629183407474,-2.49));
#4152=CARTESIAN_POINT('',(268.091040261962,-309.629183407474,-2.49));
#4153=CARTESIAN_POINT('',(254.099712305642,-309.629183407474,-2.49));
#4154=CARTESIAN_POINT('',(268.091040261962,-300.481855869293,-2.49));
#4155=CARTESIAN_POINT('',(268.091040261962,-295.619780641176,-2.49));
#4156=CARTESIAN_POINT('',(190.253354550805,-295.619780641176,-2.49));
#4157=CARTESIAN_POINT('',(254.099712305642,-295.619780641176,-2.49));
#4158=CARTESIAN_POINT('',(254.099712305642,-300.481855869293,-2.49));
#4159=CARTESIAN_POINT('',(190.253354550805,-347.76962625017,-2.49));
#4160=CARTESIAN_POINT('',(310.993585043454,-347.76962625017,-2.49));
#4161=CARTESIAN_POINT('',(297.002257087135,-347.76962625017,-2.49));
#4162=CARTESIAN_POINT('',(310.993585043454,-300.481855869293,-2.49));
#4163=CARTESIAN_POINT('',(310.993585043454,-333.760223483872,-2.49));
#4164=CARTESIAN_POINT('',(190.253354550805,-333.760223483872,-2.49));
#4165=CARTESIAN_POINT('',(297.002257087135,-333.760223483872,-2.49));
#4166=CARTESIAN_POINT('',(297.002257087135,-300.481855869293,-2.49));
#4167=CARTESIAN_POINT('',(190.253354550805,-347.76962625017,-2.49));
#4168=CARTESIAN_POINT('',(272.893585043454,-347.76962625017,-2.49));
#4169=CARTESIAN_POINT('',(258.902257087135,-347.76962625017,-2.49));
#4170=CARTESIAN_POINT('',(272.893585043454,-300.481855869293,-2.49));
#4171=CARTESIAN_POINT('',(272.893585043454,-333.760223483872,-2.49));
#4172=CARTESIAN_POINT('',(190.253354550805,-333.760223483872,-2.49));
#4173=CARTESIAN_POINT('',(258.902257087135,-333.760223483872,-2.49));
#4174=CARTESIAN_POINT('',(258.902257087135,-300.481855869293,-2.49));
#4175=CARTESIAN_POINT('',(190.253354550805,-347.76962625017,-2.49));
#4176=CARTESIAN_POINT('',(234.793585043454,-347.76962625017,-2.49));
#4177=CARTESIAN_POINT('',(220.802257087135,-347.76962625017,-2.49));
#4178=CARTESIAN_POINT('',(234.793585043454,-300.481855869293,-2.49));
#4179=CARTESIAN_POINT('',(234.793585043454,-333.760223483872,-2.49));
#4180=CARTESIAN_POINT('',(190.253354550805,-333.760223483872,-2.49));
#4181=CARTESIAN_POINT('',(220.802257087135,-333.760223483872,-2.49));
#4182=CARTESIAN_POINT('',(220.802257087135,-300.481855869293,-2.49));
#4183=CARTESIAN_POINT('',(220.716949852963,-300.481855869293,-2.49));
#4184=CARTESIAN_POINT('',(220.716949852963,-328.763329396938,-2.49));
#4185=CARTESIAN_POINT('',(220.716949852963,-314.75392663064,-2.49));
#4186=CARTESIAN_POINT('',(190.253354550805,-328.763329396938,-2.49));
#4187=CARTESIAN_POINT('',(234.708277809283,-328.763329396938,-2.49));
#4188=CARTESIAN_POINT('',(234.708277809283,-300.481855869293,-2.49));
#4189=CARTESIAN_POINT('',(234.708277809283,-314.75392663064,-2.49));
#4190=CARTESIAN_POINT('',(190.253354550805,-314.75392663064,-2.49));
#4191=CARTESIAN_POINT('',(277.952729739005,-300.481855869293,-2.49));
#4192=CARTESIAN_POINT('',(277.952729739005,-328.825702499887,-2.49));
#4193=CARTESIAN_POINT('',(277.952729739005,-314.816299733588,-2.49));
#4194=CARTESIAN_POINT('',(190.253354550805,-328.825702499887,-2.49));
#4195=CARTESIAN_POINT('',(291.944057695324,-328.825702499887,-2.49));
#4196=CARTESIAN_POINT('',(291.944057695324,-300.481855869293,-2.49));
#4197=CARTESIAN_POINT('',(291.944057695324,-314.816299733588,-2.49));
#4198=CARTESIAN_POINT('',(190.253354550805,-314.816299733588,-2.49));
#4199=CARTESIAN_POINT('',(297.002729739005,-300.481855869293,-2.49));
#4200=CARTESIAN_POINT('',(297.002729739005,-328.825702499887,-2.49));
#4201=CARTESIAN_POINT('',(297.002729739005,-314.816299733588,-2.49));
#4202=CARTESIAN_POINT('',(190.253354550805,-328.825702499887,-2.49));
#4203=CARTESIAN_POINT('',(310.994057695324,-328.825702499887,-2.49));
#4204=CARTESIAN_POINT('',(310.994057695324,-300.481855869293,-2.49));
#4205=CARTESIAN_POINT('',(310.994057695324,-314.816299733588,-2.49));
#4206=CARTESIAN_POINT('',(190.253354550805,-314.816299733588,-2.49));
#4207=CARTESIAN_POINT('',(190.253354550805,-290.609635239902,-2.49));
#4208=CARTESIAN_POINT('',(298.478636149399,-290.609635239902,-2.49));
#4209=CARTESIAN_POINT('',(284.48730819308,-290.609635239902,-2.49));
#4210=CARTESIAN_POINT('',(298.478636149399,-300.481855869293,-2.49));
#4211=CARTESIAN_POINT('',(298.478636149399,-276.600232473603,-2.49));
#4212=CARTESIAN_POINT('',(190.253354550805,-276.600232473603,-2.49));
#4213=CARTESIAN_POINT('',(284.48730819308,-276.600232473603,-2.49));
#4214=CARTESIAN_POINT('',(284.48730819308,-300.481855869293,-2.49));
#4215=CARTESIAN_POINT('',(190.253354550805,-290.65709429506,-2.49));
#4216=CARTESIAN_POINT('',(268.127170360089,-290.65709429506,-2.49));
#4217=CARTESIAN_POINT('',(254.13584240377,-290.65709429506,-2.49));
#4218=CARTESIAN_POINT('',(268.127170360089,-300.481855869293,-2.49));
#4219=CARTESIAN_POINT('',(268.127170360089,-276.647691528761,-2.49));
#4220=CARTESIAN_POINT('',(190.253354550805,-276.647691528761,-2.49));
#4221=CARTESIAN_POINT('',(254.13584240377,-276.647691528761,-2.49));
#4222=CARTESIAN_POINT('',(254.13584240377,-300.481855869293,-2.49));
#4223=CARTESIAN_POINT('',(190.253354550805,-290.65709429506,-2.49));
#4224=CARTESIAN_POINT('',(210.977170360088,-290.65709429506,-2.49));
#4225=CARTESIAN_POINT('',(196.98584240377,-290.65709429506,-2.49));
#4226=CARTESIAN_POINT('',(210.977170360088,-300.481855869293,-2.49));
#4227=CARTESIAN_POINT('',(210.977170360088,-276.647691528761,-2.49));
#4228=CARTESIAN_POINT('',(190.253354550805,-276.647691528761,-2.49));
#4229=CARTESIAN_POINT('',(196.98584240377,-276.647691528761,-2.49));
#4230=CARTESIAN_POINT('',(196.98584240377,-300.481855869293,-2.49));
#4231=CARTESIAN_POINT('',(190.253354550805,-290.65709429506,-2.49));
#4232=CARTESIAN_POINT('',(249.077170360088,-290.65709429506,-2.49));
#4233=CARTESIAN_POINT('',(235.085842403769,-290.65709429506,-2.49));
#4234=CARTESIAN_POINT('',(249.077170360088,-300.481855869293,-2.49));
#4235=CARTESIAN_POINT('',(249.077170360088,-276.647691528761,-2.49));
#4236=CARTESIAN_POINT('',(190.253354550805,-276.647691528761,-2.49));
#4237=CARTESIAN_POINT('',(235.085842403769,-276.647691528761,-2.49));
#4238=CARTESIAN_POINT('',(235.085842403769,-300.481855869293,-2.49));
#4239=CARTESIAN_POINT('',(190.253354550805,-290.65709429506,-2.49));
#4240=CARTESIAN_POINT('',(230.027170360088,-290.65709429506,-2.49));
#4241=CARTESIAN_POINT('',(216.035842403769,-290.65709429506,-2.49));
#4242=CARTESIAN_POINT('',(230.027170360088,-300.481855869293,-2.49));
#4243=CARTESIAN_POINT('',(230.027170360088,-276.647691528761,-2.49));
#4244=CARTESIAN_POINT('',(190.253354550805,-276.647691528761,-2.49));
#4245=CARTESIAN_POINT('',(216.035842403769,-276.647691528761,-2.49));
#4246=CARTESIAN_POINT('',(216.035842403769,-300.481855869293,-2.49));
#4247=CARTESIAN_POINT('',(190.253354550805,-300.481855869293,1.51));
#4248=CARTESIAN_POINT('',(190.253354550805,-356.044620275497,1.51));
#4249=CARTESIAN_POINT('',(364.446073770523,-356.044620275497,1.51));
#4250=CARTESIAN_POINT('',(364.446073770523,-300.481855869293,1.51));
#4251=CARTESIAN_POINT('',(364.446073770523,-244.919091463089,1.51));
#4252=CARTESIAN_POINT('',(190.253354550805,-244.919091463089,1.51));
#4253=CARTESIAN_POINT('',(184.931506381929,-257.597691528762,1.51));
#4254=CARTESIAN_POINT('',(191.927170360088,-257.597691528762,1.51));
#4255=CARTESIAN_POINT('',(191.927170360088,-264.602392911911,1.51));
#4256=CARTESIAN_POINT('',(191.927170360088,-271.60709429506,1.51));
#4257=CARTESIAN_POINT('',(184.931506381929,-271.60709429506,1.51));
#4258=CARTESIAN_POINT('',(189.08,-271.60709429506,1.51));
#4259=CARTESIAN_POINT('',(189.08,-300.481855869293,1.51));
#4260=CARTESIAN_POINT('',(189.08,-276.647691528761,1.51));
#4261=CARTESIAN_POINT('',(184.931506381929,-276.647691528761,1.51));
#4262=CARTESIAN_POINT('',(191.927170360088,-276.647691528761,1.51));
#4263=CARTESIAN_POINT('',(191.927170360088,-283.652392911911,1.51));
#4264=CARTESIAN_POINT('',(191.927170360088,-290.65709429506,1.51));
#4265=CARTESIAN_POINT('',(184.931506381929,-290.65709429506,1.51));
#4266=CARTESIAN_POINT('',(189.08,-290.65709429506,1.51));
#4267=CARTESIAN_POINT('',(189.08,-300.481855869293,1.51));
#4268=CARTESIAN_POINT('',(189.08,-295.619780641176,1.51));
#4269=CARTESIAN_POINT('',(184.895376283802,-295.619780641176,1.51));
#4270=CARTESIAN_POINT('',(191.891040261962,-295.619780641176,1.51));
#4271=CARTESIAN_POINT('',(191.891040261962,-302.624482024325,1.51));
#4272=CARTESIAN_POINT('',(191.891040261962,-309.629183407474,1.51));
#4273=CARTESIAN_POINT('',(184.895376283802,-309.629183407474,1.51));
#4274=CARTESIAN_POINT('',(189.08,-309.629183407474,1.51));
#4275=CARTESIAN_POINT('',(189.08,-300.481855869293,1.51));
#4276=CARTESIAN_POINT('',(189.08,-314.75392663064,1.51));
#4277=CARTESIAN_POINT('',(189.612613831123,-314.75392663064,1.51));
#4278=CARTESIAN_POINT('',(196.608277809283,-314.75392663064,1.51));
#4279=CARTESIAN_POINT('',(196.608277809283,-321.758628013788,1.51));
#4280=CARTESIAN_POINT('',(196.608277809283,-328.763329396938,1.51));
#4281=CARTESIAN_POINT('',(189.612613831123,-328.763329396938,1.51));
#4282=CARTESIAN_POINT('',(210.941040261962,-302.624482024325,1.51));
#4283=CARTESIAN_POINT('',(210.941040261962,-309.629183407474,1.51));
#4284=CARTESIAN_POINT('',(210.941040261962,-295.619780641176,1.51));
#4285=CARTESIAN_POINT('',(203.945376283802,-309.629183407474,1.51));
#4286=CARTESIAN_POINT('',(196.949712305642,-309.629183407474,1.51));
#4287=CARTESIAN_POINT('',(196.949712305642,-302.624482024325,1.51));
#4288=CARTESIAN_POINT('',(196.949712305642,-295.619780641176,1.51));
#4289=CARTESIAN_POINT('',(203.945376283802,-295.619780641176,1.51));
#4290=CARTESIAN_POINT('',(229.991040261962,-302.624482024325,1.51));
#4291=CARTESIAN_POINT('',(229.991040261962,-309.629183407474,1.51));
#4292=CARTESIAN_POINT('',(229.991040261962,-295.619780641176,1.51));
#4293=CARTESIAN_POINT('',(222.995376283802,-309.629183407474,1.51));
#4294=CARTESIAN_POINT('',(215.999712305643,-309.629183407474,1.51));
#4295=CARTESIAN_POINT('',(215.999712305643,-302.624482024325,1.51));
#4296=CARTESIAN_POINT('',(215.999712305643,-295.619780641176,1.51));
#4297=CARTESIAN_POINT('',(222.995376283802,-295.619780641176,1.51));
#4298=CARTESIAN_POINT('',(249.041040261962,-302.624482024325,1.51));
#4299=CARTESIAN_POINT('',(249.041040261962,-309.629183407474,1.51));
#4300=CARTESIAN_POINT('',(249.041040261962,-295.619780641176,1.51));
#4301=CARTESIAN_POINT('',(242.045376283802,-309.629183407474,1.51));
#4302=CARTESIAN_POINT('',(235.049712305643,-309.629183407474,1.51));
#4303=CARTESIAN_POINT('',(235.049712305643,-302.624482024325,1.51));
#4304=CARTESIAN_POINT('',(235.049712305643,-295.619780641176,1.51));
#4305=CARTESIAN_POINT('',(242.045376283802,-295.619780641176,1.51));
#4306=CARTESIAN_POINT('',(268.091040261962,-302.624482024325,1.51));
#4307=CARTESIAN_POINT('',(268.091040261962,-309.629183407474,1.51));
#4308=CARTESIAN_POINT('',(268.091040261962,-295.619780641176,1.51));
#4309=CARTESIAN_POINT('',(261.095376283802,-309.629183407474,1.51));
#4310=CARTESIAN_POINT('',(254.099712305642,-309.629183407474,1.51));
#4311=CARTESIAN_POINT('',(254.099712305642,-302.624482024325,1.51));
#4312=CARTESIAN_POINT('',(254.099712305642,-295.619780641176,1.51));
#4313=CARTESIAN_POINT('',(261.095376283802,-295.619780641176,1.51));
#4314=CARTESIAN_POINT('',(299.009177533318,-302.625205478308,1.51));
#4315=CARTESIAN_POINT('',(299.009177533318,-309.629906861458,1.51));
#4316=CARTESIAN_POINT('',(299.009177533318,-295.620504095158,1.51));
#4317=CARTESIAN_POINT('',(292.013513555158,-309.629906861458,1.51));
#4318=CARTESIAN_POINT('',(285.017849576998,-309.629906861458,1.51));
#4319=CARTESIAN_POINT('',(285.017849576998,-302.625205478308,1.51));
#4320=CARTESIAN_POINT('',(285.017849576998,-295.620504095158,1.51));
#4321=CARTESIAN_POINT('',(292.013513555158,-295.620504095158,1.51));
#4322=CARTESIAN_POINT('',(310.993585043454,-340.764924867021,1.51));
#4323=CARTESIAN_POINT('',(310.993585043454,-347.76962625017,1.51));
#4324=CARTESIAN_POINT('',(310.993585043454,-333.760223483872,1.51));
#4325=CARTESIAN_POINT('',(303.997921065295,-347.76962625017,1.51));
#4326=CARTESIAN_POINT('',(297.002257087135,-347.76962625017,1.51));
#4327=CARTESIAN_POINT('',(297.002257087135,-340.764924867021,1.51));
#4328=CARTESIAN_POINT('',(297.002257087135,-333.760223483872,1.51));
#4329=CARTESIAN_POINT('',(303.997921065295,-333.760223483872,1.51));
#4330=CARTESIAN_POINT('',(291.943585043454,-340.764924867021,1.51));
#4331=CARTESIAN_POINT('',(291.943585043454,-347.76962625017,1.51));
#4332=CARTESIAN_POINT('',(291.943585043454,-333.760223483872,1.51));
#4333=CARTESIAN_POINT('',(284.947921065295,-347.76962625017,1.51));
#4334=CARTESIAN_POINT('',(277.952257087135,-347.76962625017,1.51));
#4335=CARTESIAN_POINT('',(277.952257087135,-340.764924867021,1.51));
#4336=CARTESIAN_POINT('',(277.952257087135,-333.760223483872,1.51));
#4337=CARTESIAN_POINT('',(284.947921065295,-333.760223483872,1.51));
#4338=CARTESIAN_POINT('',(272.893585043454,-340.764924867021,1.51));
#4339=CARTESIAN_POINT('',(272.893585043454,-347.76962625017,1.51));
#4340=CARTESIAN_POINT('',(272.893585043454,-333.760223483872,1.51));
#4341=CARTESIAN_POINT('',(265.897921065294,-347.76962625017,1.51));
#4342=CARTESIAN_POINT('',(258.902257087135,-347.76962625017,1.51));
#4343=CARTESIAN_POINT('',(258.902257087135,-340.764924867021,1.51));
#4344=CARTESIAN_POINT('',(258.902257087135,-333.760223483872,1.51));
#4345=CARTESIAN_POINT('',(265.897921065294,-333.760223483872,1.51));
#4346=CARTESIAN_POINT('',(253.843585043454,-340.764924867021,1.51));
#4347=CARTESIAN_POINT('',(253.843585043454,-347.76962625017,1.51));
#4348=CARTESIAN_POINT('',(253.843585043454,-333.760223483872,1.51));
#4349=CARTESIAN_POINT('',(246.847921065294,-347.76962625017,1.51));
#4350=CARTESIAN_POINT('',(239.852257087135,-347.76962625017,1.51));
#4351=CARTESIAN_POINT('',(239.852257087135,-340.764924867021,1.51));
#4352=CARTESIAN_POINT('',(239.852257087135,-333.760223483872,1.51));
#4353=CARTESIAN_POINT('',(246.847921065294,-333.760223483872,1.51));
#4354=CARTESIAN_POINT('',(234.793585043454,-340.764924867021,1.51));
#4355=CARTESIAN_POINT('',(234.793585043454,-347.76962625017,1.51));
#4356=CARTESIAN_POINT('',(234.793585043454,-333.760223483872,1.51));
#4357=CARTESIAN_POINT('',(227.797921065294,-347.76962625017,1.51));
#4358=CARTESIAN_POINT('',(220.802257087135,-347.76962625017,1.51));
#4359=CARTESIAN_POINT('',(220.802257087135,-340.764924867021,1.51));
#4360=CARTESIAN_POINT('',(220.802257087135,-333.760223483872,1.51));
#4361=CARTESIAN_POINT('',(227.797921065294,-333.760223483872,1.51));
#4362=CARTESIAN_POINT('',(215.743585043454,-340.764924867021,1.51));
#4363=CARTESIAN_POINT('',(215.743585043454,-347.76962625017,1.51));
#4364=CARTESIAN_POINT('',(215.743585043454,-333.760223483872,1.51));
#4365=CARTESIAN_POINT('',(208.747921065294,-347.76962625017,1.51));
#4366=CARTESIAN_POINT('',(201.752257087134,-347.76962625017,1.51));
#4367=CARTESIAN_POINT('',(201.752257087134,-340.764924867021,1.51));
#4368=CARTESIAN_POINT('',(201.752257087134,-333.760223483872,1.51));
#4369=CARTESIAN_POINT('',(208.747921065294,-333.760223483872,1.51));
#4370=CARTESIAN_POINT('',(208.662613831123,-328.763329396938,1.51));
#4371=CARTESIAN_POINT('',(215.658277809283,-328.763329396938,1.51));
#4372=CARTESIAN_POINT('',(201.666949852963,-328.763329396938,1.51));
#4373=CARTESIAN_POINT('',(201.666949852963,-321.758628013788,1.51));
#4374=CARTESIAN_POINT('',(201.666949852963,-314.75392663064,1.51));
#4375=CARTESIAN_POINT('',(208.662613831123,-314.75392663064,1.51));
#4376=CARTESIAN_POINT('',(215.658277809283,-314.75392663064,1.51));
#4377=CARTESIAN_POINT('',(215.658277809283,-321.758628013788,1.51));
#4378=CARTESIAN_POINT('',(227.712613831123,-328.763329396938,1.51));
#4379=CARTESIAN_POINT('',(234.708277809283,-328.763329396938,1.51));
#4380=CARTESIAN_POINT('',(220.716949852963,-328.763329396938,1.51));
#4381=CARTESIAN_POINT('',(220.716949852963,-321.758628013788,1.51));
#4382=CARTESIAN_POINT('',(220.716949852963,-314.75392663064,1.51));
#4383=CARTESIAN_POINT('',(227.712613831123,-314.75392663064,1.51));
#4384=CARTESIAN_POINT('',(234.708277809283,-314.75392663064,1.51));
#4385=CARTESIAN_POINT('',(234.708277809283,-321.758628013788,1.51));
#4386=CARTESIAN_POINT('',(263.352807936193,-321.841666143427,1.51));
#4387=CARTESIAN_POINT('',(263.352807936193,-328.846367526576,1.51));
#4388=CARTESIAN_POINT('',(263.352807936193,-314.836964760278,1.51));
#4389=CARTESIAN_POINT('',(256.357143958033,-328.846367526576,1.51));
#4390=CARTESIAN_POINT('',(249.361479979874,-328.846367526576,1.51));
#4391=CARTESIAN_POINT('',(249.361479979874,-321.841666143427,1.51));
#4392=CARTESIAN_POINT('',(249.361479979874,-314.836964760278,1.51));
#4393=CARTESIAN_POINT('',(256.357143958033,-314.836964760278,1.51));
#4394=CARTESIAN_POINT('',(284.948393717164,-328.825702499887,1.51));
#4395=CARTESIAN_POINT('',(291.944057695324,-328.825702499887,1.51));
#4396=CARTESIAN_POINT('',(277.952729739005,-328.825702499887,1.51));
#4397=CARTESIAN_POINT('',(277.952729739005,-321.821001116737,1.51));
#4398=CARTESIAN_POINT('',(277.952729739005,-314.816299733588,1.51));
#4399=CARTESIAN_POINT('',(284.948393717164,-314.816299733588,1.51));
#4400=CARTESIAN_POINT('',(291.944057695324,-314.816299733588,1.51));
#4401=CARTESIAN_POINT('',(291.944057695324,-321.821001116737,1.51));
#4402=CARTESIAN_POINT('',(303.998393717164,-328.825702499887,1.51));
#4403=CARTESIAN_POINT('',(310.994057695324,-328.825702499887,1.51));
#4404=CARTESIAN_POINT('',(297.002729739005,-328.825702499887,1.51));
#4405=CARTESIAN_POINT('',(297.002729739005,-321.821001116737,1.51));
#4406=CARTESIAN_POINT('',(297.002729739005,-314.816299733588,1.51));
#4407=CARTESIAN_POINT('',(303.998393717164,-314.816299733588,1.51));
#4408=CARTESIAN_POINT('',(310.994057695324,-314.816299733588,1.51));
#4409=CARTESIAN_POINT('',(310.994057695324,-321.821001116737,1.51));
#4410=CARTESIAN_POINT('',(298.478636149399,-283.604933856752,1.51));
#4411=CARTESIAN_POINT('',(298.478636149399,-290.609635239902,1.51));
#4412=CARTESIAN_POINT('',(298.478636149399,-276.600232473603,1.51));
#4413=CARTESIAN_POINT('',(291.48297217124,-290.609635239902,1.51));
#4414=CARTESIAN_POINT('',(284.48730819308,-290.609635239902,1.51));
#4415=CARTESIAN_POINT('',(284.48730819308,-283.604933856752,1.51));
#4416=CARTESIAN_POINT('',(284.48730819308,-276.600232473603,1.51));
#4417=CARTESIAN_POINT('',(291.48297217124,-276.600232473603,1.51));
#4418=CARTESIAN_POINT('',(298.527673818171,-264.696243549071,1.51));
#4419=CARTESIAN_POINT('',(298.527673818171,-271.700944932221,1.51));
#4420=CARTESIAN_POINT('',(298.527673818171,-257.691542165922,1.51));
#4421=CARTESIAN_POINT('',(291.532009840011,-271.700944932221,1.51));
#4422=CARTESIAN_POINT('',(284.536345861852,-271.700944932221,1.51));
#4423=CARTESIAN_POINT('',(284.536345861852,-264.696243549071,1.51));
#4424=CARTESIAN_POINT('',(284.536345861852,-257.691542165922,1.51));
#4425=CARTESIAN_POINT('',(291.532009840011,-257.691542165922,1.51));
#4426=CARTESIAN_POINT('',(268.127170360089,-283.652392911911,1.51));
#4427=CARTESIAN_POINT('',(268.127170360089,-290.65709429506,1.51));
#4428=CARTESIAN_POINT('',(268.127170360089,-276.647691528761,1.51));
#4429=CARTESIAN_POINT('',(261.131506381929,-290.65709429506,1.51));
#4430=CARTESIAN_POINT('',(254.13584240377,-290.65709429506,1.51));
#4431=CARTESIAN_POINT('',(254.13584240377,-283.652392911911,1.51));
#4432=CARTESIAN_POINT('',(254.13584240377,-276.647691528761,1.51));
#4433=CARTESIAN_POINT('',(261.131506381929,-276.647691528761,1.51));
#4434=CARTESIAN_POINT('',(230.027170360088,-264.602392911911,1.51));
#4435=CARTESIAN_POINT('',(230.027170360088,-271.60709429506,1.51));
#4436=CARTESIAN_POINT('',(230.027170360088,-257.597691528762,1.51));
#4437=CARTESIAN_POINT('',(223.031506381929,-271.60709429506,1.51));
#4438=CARTESIAN_POINT('',(216.035842403769,-271.60709429506,1.51));
#4439=CARTESIAN_POINT('',(216.035842403769,-264.602392911911,1.51));
#4440=CARTESIAN_POINT('',(216.035842403769,-257.597691528762,1.51));
#4441=CARTESIAN_POINT('',(223.031506381929,-257.597691528762,1.51));
#4442=CARTESIAN_POINT('',(210.977170360088,-283.652392911911,1.51));
#4443=CARTESIAN_POINT('',(210.977170360088,-290.65709429506,1.51));
#4444=CARTESIAN_POINT('',(210.977170360088,-276.647691528761,1.51));
#4445=CARTESIAN_POINT('',(203.981506381929,-290.65709429506,1.51));
#4446=CARTESIAN_POINT('',(196.98584240377,-290.65709429506,1.51));
#4447=CARTESIAN_POINT('',(196.98584240377,-283.652392911911,1.51));
#4448=CARTESIAN_POINT('',(196.98584240377,-276.647691528761,1.51));
#4449=CARTESIAN_POINT('',(203.981506381929,-276.647691528761,1.51));
#4450=CARTESIAN_POINT('',(210.977170360088,-264.602392911911,1.51));
#4451=CARTESIAN_POINT('',(210.977170360088,-271.60709429506,1.51));
#4452=CARTESIAN_POINT('',(210.977170360088,-257.597691528762,1.51));
#4453=CARTESIAN_POINT('',(203.981506381929,-271.60709429506,1.51));
#4454=CARTESIAN_POINT('',(196.98584240377,-271.60709429506,1.51));
#4455=CARTESIAN_POINT('',(196.98584240377,-264.602392911911,1.51));
#4456=CARTESIAN_POINT('',(196.98584240377,-257.597691528762,1.51));
#4457=CARTESIAN_POINT('',(203.981506381929,-257.597691528762,1.51));
#4458=CARTESIAN_POINT('',(268.127170360089,-264.602392911911,1.51));
#4459=CARTESIAN_POINT('',(268.127170360089,-271.60709429506,1.51));
#4460=CARTESIAN_POINT('',(268.127170360089,-257.597691528762,1.51));
#4461=CARTESIAN_POINT('',(261.131506381929,-271.60709429506,1.51));
#4462=CARTESIAN_POINT('',(254.13584240377,-271.60709429506,1.51));
#4463=CARTESIAN_POINT('',(254.13584240377,-264.602392911911,1.51));
#4464=CARTESIAN_POINT('',(254.13584240377,-257.597691528762,1.51));
#4465=CARTESIAN_POINT('',(261.131506381929,-257.597691528762,1.51));
#4466=CARTESIAN_POINT('',(249.077170360088,-283.652392911911,1.51));
#4467=CARTESIAN_POINT('',(249.077170360088,-290.65709429506,1.51));
#4468=CARTESIAN_POINT('',(249.077170360088,-276.647691528761,1.51));
#4469=CARTESIAN_POINT('',(242.081506381929,-290.65709429506,1.51));
#4470=CARTESIAN_POINT('',(235.085842403769,-290.65709429506,1.51));
#4471=CARTESIAN_POINT('',(235.085842403769,-283.652392911911,1.51));
#4472=CARTESIAN_POINT('',(235.085842403769,-276.647691528761,1.51));
#4473=CARTESIAN_POINT('',(242.081506381929,-276.647691528761,1.51));
#4474=CARTESIAN_POINT('',(249.077170360088,-264.602392911911,1.51));
#4475=CARTESIAN_POINT('',(249.077170360088,-271.60709429506,1.51));
#4476=CARTESIAN_POINT('',(249.077170360088,-257.597691528762,1.51));
#4477=CARTESIAN_POINT('',(242.081506381929,-271.60709429506,1.51));
#4478=CARTESIAN_POINT('',(235.085842403769,-271.60709429506,1.51));
#4479=CARTESIAN_POINT('',(235.085842403769,-264.602392911911,1.51));
#4480=CARTESIAN_POINT('',(235.085842403769,-257.597691528762,1.51));
#4481=CARTESIAN_POINT('',(242.081506381929,-257.597691528762,1.51));
#4482=CARTESIAN_POINT('',(230.027170360088,-283.652392911911,1.51));
#4483=CARTESIAN_POINT('',(230.027170360088,-290.65709429506,1.51));
#4484=CARTESIAN_POINT('',(230.027170360088,-276.647691528761,1.51));
#4485=CARTESIAN_POINT('',(223.031506381929,-290.65709429506,1.51));
#4486=CARTESIAN_POINT('',(216.035842403769,-290.65709429506,1.51));
#4487=CARTESIAN_POINT('',(216.035842403769,-283.652392911911,1.51));
#4488=CARTESIAN_POINT('',(216.035842403769,-276.647691528761,1.51));
#4489=CARTESIAN_POINT('',(223.031506381929,-276.647691528761,1.51));
#4490=CARTESIAN_POINT('',(364.446073770523,-300.481855869293,-2.49));
#4491=CARTESIAN_POINT('',(364.446073770523,-356.044620275497,-2.49));
#4492=CARTESIAN_POINT('',(364.446073770523,-244.919091463089,-2.49));
#4493=CARTESIAN_POINT('',(190.253354550805,-244.919091463089,-2.49));
#4494=CARTESIAN_POINT('',(190.253354550805,-356.044620275497,-2.49));
#4495=CARTESIAN_POINT('',(184.895376283802,-309.629183407474,-11.49));
#4496=CARTESIAN_POINT('',(189.08,-309.629183407474,-11.49));
#4497=CARTESIAN_POINT('',(191.891040261962,-309.629183407474,-11.49));
#4498=CARTESIAN_POINT('',(191.891040261962,-302.624482024325,-11.49));
#4499=CARTESIAN_POINT('',(191.891040261962,-295.619780641176,-11.49));
#4500=CARTESIAN_POINT('',(184.895376283802,-295.619780641176,-11.49));
#4501=CARTESIAN_POINT('',(189.08,-295.619780641176,-11.49));
#4502=CARTESIAN_POINT('',(203.945376283802,-309.629183407474,-11.49));
#4503=CARTESIAN_POINT('',(196.949712305642,-309.629183407474,-11.49));
#4504=CARTESIAN_POINT('',(210.941040261962,-309.629183407474,-11.49));
#4505=CARTESIAN_POINT('',(210.941040261962,-302.624482024325,-11.49));
#4506=CARTESIAN_POINT('',(210.941040261962,-295.619780641176,-11.49));
#4507=CARTESIAN_POINT('',(203.945376283802,-295.619780641176,-11.49));
#4508=CARTESIAN_POINT('',(196.949712305642,-295.619780641176,-11.49));
#4509=CARTESIAN_POINT('',(196.949712305642,-302.624482024325,-11.49));
#4510=CARTESIAN_POINT('',(222.995376283802,-309.629183407474,-11.49));
#4511=CARTESIAN_POINT('',(215.999712305643,-309.629183407474,-11.49));
#4512=CARTESIAN_POINT('',(229.991040261962,-309.629183407474,-11.49));
#4513=CARTESIAN_POINT('',(229.991040261962,-302.624482024325,-11.49));
#4514=CARTESIAN_POINT('',(229.991040261962,-295.619780641176,-11.49));
#4515=CARTESIAN_POINT('',(222.995376283802,-295.619780641176,-11.49));
#4516=CARTESIAN_POINT('',(215.999712305643,-295.619780641176,-11.49));
#4517=CARTESIAN_POINT('',(215.999712305643,-302.624482024325,-11.49));
#4518=CARTESIAN_POINT('',(242.045376283802,-309.629183407474,-11.49));
#4519=CARTESIAN_POINT('',(235.049712305643,-309.629183407474,-11.49));
#4520=CARTESIAN_POINT('',(249.041040261962,-309.629183407474,-11.49));
#4521=CARTESIAN_POINT('',(249.041040261962,-302.624482024325,-11.49));
#4522=CARTESIAN_POINT('',(249.041040261962,-295.619780641176,-11.49));
#4523=CARTESIAN_POINT('',(242.045376283802,-295.619780641176,-11.49));
#4524=CARTESIAN_POINT('',(235.049712305643,-295.619780641176,-11.49));
#4525=CARTESIAN_POINT('',(235.049712305643,-302.624482024325,-11.49));
#4526=CARTESIAN_POINT('',(261.095376283802,-309.629183407474,-11.49));
#4527=CARTESIAN_POINT('',(254.099712305642,-309.629183407474,-11.49));
#4528=CARTESIAN_POINT('',(268.091040261962,-309.629183407474,-11.49));
#4529=CARTESIAN_POINT('',(268.091040261962,-302.624482024325,-11.49));
#4530=CARTESIAN_POINT('',(268.091040261962,-295.619780641176,-11.49));
#4531=CARTESIAN_POINT('',(261.095376283802,-295.619780641176,-11.49));
#4532=CARTESIAN_POINT('',(254.099712305642,-295.619780641176,-11.49));
#4533=CARTESIAN_POINT('',(254.099712305642,-302.624482024325,-11.49));
#4534=CARTESIAN_POINT('',(292.013513555158,-309.629906861458,-11.49));
#4535=CARTESIAN_POINT('',(285.017849576998,-309.629906861458,-11.49));
#4536=CARTESIAN_POINT('',(299.009177533318,-309.629906861458,-11.49));
#4537=CARTESIAN_POINT('',(299.009177533318,-302.625205478308,-11.49));
#4538=CARTESIAN_POINT('',(299.009177533318,-295.620504095158,-11.49));
#4539=CARTESIAN_POINT('',(292.013513555158,-295.620504095158,-11.49));
#4540=CARTESIAN_POINT('',(285.017849576998,-295.620504095158,-11.49));
#4541=CARTESIAN_POINT('',(285.017849576998,-302.625205478308,-11.49));
#4542=CARTESIAN_POINT('',(189.612613831123,-328.763329396938,-11.49));
#4543=CARTESIAN_POINT('',(196.608277809283,-328.763329396938,-11.49));
#4544=CARTESIAN_POINT('',(196.608277809283,-321.758628013788,-11.49));
#4545=CARTESIAN_POINT('',(196.608277809283,-314.75392663064,-11.49));
#4546=CARTESIAN_POINT('',(189.612613831123,-314.75392663064,-11.49));
#4547=CARTESIAN_POINT('',(189.08,-314.75392663064,-11.49));
#4548=CARTESIAN_POINT('',(303.997921065295,-347.76962625017,-11.49));
#4549=CARTESIAN_POINT('',(297.002257087135,-347.76962625017,-11.49));
#4550=CARTESIAN_POINT('',(310.993585043454,-347.76962625017,-11.49));
#4551=CARTESIAN_POINT('',(310.993585043454,-340.764924867021,-11.49));
#4552=CARTESIAN_POINT('',(310.993585043454,-333.760223483872,-11.49));
#4553=CARTESIAN_POINT('',(303.997921065295,-333.760223483872,-11.49));
#4554=CARTESIAN_POINT('',(297.002257087135,-333.760223483872,-11.49));
#4555=CARTESIAN_POINT('',(297.002257087135,-340.764924867021,-11.49));
#4556=CARTESIAN_POINT('',(284.947921065295,-347.76962625017,-11.49));
#4557=CARTESIAN_POINT('',(277.952257087135,-347.76962625017,-11.49));
#4558=CARTESIAN_POINT('',(291.943585043454,-347.76962625017,-11.49));
#4559=CARTESIAN_POINT('',(291.943585043454,-340.764924867021,-11.49));
#4560=CARTESIAN_POINT('',(291.943585043454,-333.760223483872,-11.49));
#4561=CARTESIAN_POINT('',(284.947921065295,-333.760223483872,-11.49));
#4562=CARTESIAN_POINT('',(277.952257087135,-333.760223483872,-11.49));
#4563=CARTESIAN_POINT('',(277.952257087135,-340.764924867021,-11.49));
#4564=CARTESIAN_POINT('',(265.897921065294,-347.76962625017,-11.49));
#4565=CARTESIAN_POINT('',(258.902257087135,-347.76962625017,-11.49));
#4566=CARTESIAN_POINT('',(272.893585043454,-347.76962625017,-11.49));
#4567=CARTESIAN_POINT('',(272.893585043454,-340.764924867021,-11.49));
#4568=CARTESIAN_POINT('',(272.893585043454,-333.760223483872,-11.49));
#4569=CARTESIAN_POINT('',(265.897921065294,-333.760223483872,-11.49));
#4570=CARTESIAN_POINT('',(258.902257087135,-333.760223483872,-11.49));
#4571=CARTESIAN_POINT('',(258.902257087135,-340.764924867021,-11.49));
#4572=CARTESIAN_POINT('',(246.847921065294,-347.76962625017,-11.49));
#4573=CARTESIAN_POINT('',(239.852257087135,-347.76962625017,-11.49));
#4574=CARTESIAN_POINT('',(253.843585043454,-347.76962625017,-11.49));
#4575=CARTESIAN_POINT('',(253.843585043454,-340.764924867021,-11.49));
#4576=CARTESIAN_POINT('',(253.843585043454,-333.760223483872,-11.49));
#4577=CARTESIAN_POINT('',(246.847921065294,-333.760223483872,-11.49));
#4578=CARTESIAN_POINT('',(239.852257087135,-333.760223483872,-11.49));
#4579=CARTESIAN_POINT('',(239.852257087135,-340.764924867021,-11.49));
#4580=CARTESIAN_POINT('',(227.797921065294,-347.76962625017,-11.49));
#4581=CARTESIAN_POINT('',(220.802257087135,-347.76962625017,-11.49));
#4582=CARTESIAN_POINT('',(234.793585043454,-347.76962625017,-11.49));
#4583=CARTESIAN_POINT('',(234.793585043454,-340.764924867021,-11.49));
#4584=CARTESIAN_POINT('',(234.793585043454,-333.760223483872,-11.49));
#4585=CARTESIAN_POINT('',(227.797921065294,-333.760223483872,-11.49));
#4586=CARTESIAN_POINT('',(220.802257087135,-333.760223483872,-11.49));
#4587=CARTESIAN_POINT('',(220.802257087135,-340.764924867021,-11.49));
#4588=CARTESIAN_POINT('',(208.747921065294,-347.76962625017,-11.49));
#4589=CARTESIAN_POINT('',(201.752257087134,-347.76962625017,-11.49));
#4590=CARTESIAN_POINT('',(215.743585043454,-347.76962625017,-11.49));
#4591=CARTESIAN_POINT('',(215.743585043454,-340.764924867021,-11.49));
#4592=CARTESIAN_POINT('',(215.743585043454,-333.760223483872,-11.49));
#4593=CARTESIAN_POINT('',(208.747921065294,-333.760223483872,-11.49));
#4594=CARTESIAN_POINT('',(201.752257087134,-333.760223483872,-11.49));
#4595=CARTESIAN_POINT('',(201.752257087134,-340.764924867021,-11.49));
#4596=CARTESIAN_POINT('',(201.666949852963,-321.758628013788,-11.49));
#4597=CARTESIAN_POINT('',(201.666949852963,-314.75392663064,-11.49));
#4598=CARTESIAN_POINT('',(201.666949852963,-328.763329396938,-11.49));
#4599=CARTESIAN_POINT('',(208.662613831123,-328.763329396938,-11.49));
#4600=CARTESIAN_POINT('',(215.658277809283,-328.763329396938,-11.49));
#4601=CARTESIAN_POINT('',(215.658277809283,-321.758628013788,-11.49));
#4602=CARTESIAN_POINT('',(215.658277809283,-314.75392663064,-11.49));
#4603=CARTESIAN_POINT('',(208.662613831123,-314.75392663064,-11.49));
#4604=CARTESIAN_POINT('',(220.716949852963,-321.758628013788,-11.49));
#4605=CARTESIAN_POINT('',(220.716949852963,-314.75392663064,-11.49));
#4606=CARTESIAN_POINT('',(220.716949852963,-328.763329396938,-11.49));
#4607=CARTESIAN_POINT('',(227.712613831123,-328.763329396938,-11.49));
#4608=CARTESIAN_POINT('',(234.708277809283,-328.763329396938,-11.49));
#4609=CARTESIAN_POINT('',(234.708277809283,-321.758628013788,-11.49));
#4610=CARTESIAN_POINT('',(234.708277809283,-314.75392663064,-11.49));
#4611=CARTESIAN_POINT('',(227.712613831123,-314.75392663064,-11.49));
#4612=CARTESIAN_POINT('',(256.357143958033,-328.846367526576,-11.49));
#4613=CARTESIAN_POINT('',(249.361479979874,-328.846367526576,-11.49));
#4614=CARTESIAN_POINT('',(263.352807936193,-328.846367526576,-11.49));
#4615=CARTESIAN_POINT('',(263.352807936193,-321.841666143427,-11.49));
#4616=CARTESIAN_POINT('',(263.352807936193,-314.836964760278,-11.49));
#4617=CARTESIAN_POINT('',(256.357143958033,-314.836964760278,-11.49));
#4618=CARTESIAN_POINT('',(249.361479979874,-314.836964760278,-11.49));
#4619=CARTESIAN_POINT('',(249.361479979874,-321.841666143427,-11.49));
#4620=CARTESIAN_POINT('',(277.952729739005,-321.821001116737,-11.49));
#4621=CARTESIAN_POINT('',(277.952729739005,-314.816299733588,-11.49));
#4622=CARTESIAN_POINT('',(277.952729739005,-328.825702499887,-11.49));
#4623=CARTESIAN_POINT('',(284.948393717164,-328.825702499887,-11.49));
#4624=CARTESIAN_POINT('',(291.944057695324,-328.825702499887,-11.49));
#4625=CARTESIAN_POINT('',(291.944057695324,-321.821001116737,-11.49));
#4626=CARTESIAN_POINT('',(291.944057695324,-314.816299733588,-11.49));
#4627=CARTESIAN_POINT('',(284.948393717164,-314.816299733588,-11.49));
#4628=CARTESIAN_POINT('',(297.002729739005,-321.821001116737,-11.49));
#4629=CARTESIAN_POINT('',(297.002729739005,-314.816299733588,-11.49));
#4630=CARTESIAN_POINT('',(297.002729739005,-328.825702499887,-11.49));
#4631=CARTESIAN_POINT('',(303.998393717164,-328.825702499887,-11.49));
#4632=CARTESIAN_POINT('',(310.994057695324,-328.825702499887,-11.49));
#4633=CARTESIAN_POINT('',(310.994057695324,-321.821001116737,-11.49));
#4634=CARTESIAN_POINT('',(310.994057695324,-314.816299733588,-11.49));
#4635=CARTESIAN_POINT('',(303.998393717164,-314.816299733588,-11.49));
#4636=CARTESIAN_POINT('',(184.931506381929,-271.60709429506,-11.49));
#4637=CARTESIAN_POINT('',(189.08,-271.60709429506,-11.49));
#4638=CARTESIAN_POINT('',(191.927170360088,-271.60709429506,-11.49));
#4639=CARTESIAN_POINT('',(191.927170360088,-264.602392911911,-11.49));
#4640=CARTESIAN_POINT('',(191.927170360088,-257.597691528762,-11.49));
#4641=CARTESIAN_POINT('',(184.931506381929,-257.597691528762,-11.49));
#4642=CARTESIAN_POINT('',(291.48297217124,-290.609635239902,-11.49));
#4643=CARTESIAN_POINT('',(284.48730819308,-290.609635239902,-11.49));
#4644=CARTESIAN_POINT('',(298.478636149399,-290.609635239902,-11.49));
#4645=CARTESIAN_POINT('',(298.478636149399,-283.604933856752,-11.49));
#4646=CARTESIAN_POINT('',(298.478636149399,-276.600232473603,-11.49));
#4647=CARTESIAN_POINT('',(291.48297217124,-276.600232473603,-11.49));
#4648=CARTESIAN_POINT('',(284.48730819308,-276.600232473603,-11.49));
#4649=CARTESIAN_POINT('',(284.48730819308,-283.604933856752,-11.49));
#4650=CARTESIAN_POINT('',(291.532009840011,-271.700944932221,-11.49));
#4651=CARTESIAN_POINT('',(284.536345861852,-271.700944932221,-11.49));
#4652=CARTESIAN_POINT('',(298.527673818171,-271.700944932221,-11.49));
#4653=CARTESIAN_POINT('',(298.527673818171,-264.696243549071,-11.49));
#4654=CARTESIAN_POINT('',(298.527673818171,-257.691542165922,-11.49));
#4655=CARTESIAN_POINT('',(291.532009840011,-257.691542165922,-11.49));
#4656=CARTESIAN_POINT('',(284.536345861852,-257.691542165922,-11.49));
#4657=CARTESIAN_POINT('',(284.536345861852,-264.696243549071,-11.49));
#4658=CARTESIAN_POINT('',(261.131506381929,-290.65709429506,-11.49));
#4659=CARTESIAN_POINT('',(254.13584240377,-290.65709429506,-11.49));
#4660=CARTESIAN_POINT('',(268.127170360089,-290.65709429506,-11.49));
#4661=CARTESIAN_POINT('',(268.127170360089,-283.652392911911,-11.49));
#4662=CARTESIAN_POINT('',(268.127170360089,-276.647691528761,-11.49));
#4663=CARTESIAN_POINT('',(261.131506381929,-276.647691528761,-11.49));
#4664=CARTESIAN_POINT('',(254.13584240377,-276.647691528761,-11.49));
#4665=CARTESIAN_POINT('',(254.13584240377,-283.652392911911,-11.49));
#4666=CARTESIAN_POINT('',(223.031506381929,-271.60709429506,-11.49));
#4667=CARTESIAN_POINT('',(216.035842403769,-271.60709429506,-11.49));
#4668=CARTESIAN_POINT('',(230.027170360088,-271.60709429506,-11.49));
#4669=CARTESIAN_POINT('',(230.027170360088,-264.602392911911,-11.49));
#4670=CARTESIAN_POINT('',(230.027170360088,-257.597691528762,-11.49));
#4671=CARTESIAN_POINT('',(223.031506381929,-257.597691528762,-11.49));
#4672=CARTESIAN_POINT('',(216.035842403769,-257.597691528762,-11.49));
#4673=CARTESIAN_POINT('',(216.035842403769,-264.602392911911,-11.49));
#4674=CARTESIAN_POINT('',(203.981506381929,-290.65709429506,-11.49));
#4675=CARTESIAN_POINT('',(196.98584240377,-290.65709429506,-11.49));
#4676=CARTESIAN_POINT('',(210.977170360088,-290.65709429506,-11.49));
#4677=CARTESIAN_POINT('',(210.977170360088,-283.652392911911,-11.49));
#4678=CARTESIAN_POINT('',(210.977170360088,-276.647691528761,-11.49));
#4679=CARTESIAN_POINT('',(203.981506381929,-276.647691528761,-11.49));
#4680=CARTESIAN_POINT('',(196.98584240377,-276.647691528761,-11.49));
#4681=CARTESIAN_POINT('',(196.98584240377,-283.652392911911,-11.49));
#4682=CARTESIAN_POINT('',(203.981506381929,-271.60709429506,-11.49));
#4683=CARTESIAN_POINT('',(196.98584240377,-271.60709429506,-11.49));
#4684=CARTESIAN_POINT('',(210.977170360088,-271.60709429506,-11.49));
#4685=CARTESIAN_POINT('',(210.977170360088,-264.602392911911,-11.49));
#4686=CARTESIAN_POINT('',(210.977170360088,-257.597691528762,-11.49));
#4687=CARTESIAN_POINT('',(203.981506381929,-257.597691528762,-11.49));
#4688=CARTESIAN_POINT('',(196.98584240377,-257.597691528762,-11.49));
#4689=CARTESIAN_POINT('',(196.98584240377,-264.602392911911,-11.49));
#4690=CARTESIAN_POINT('',(184.931506381929,-290.65709429506,-11.49));
#4691=CARTESIAN_POINT('',(189.08,-290.65709429506,-11.49));
#4692=CARTESIAN_POINT('',(191.927170360088,-290.65709429506,-11.49));
#4693=CARTESIAN_POINT('',(191.927170360088,-283.652392911911,-11.49));
#4694=CARTESIAN_POINT('',(191.927170360088,-276.647691528761,-11.49));
#4695=CARTESIAN_POINT('',(184.931506381929,-276.647691528761,-11.49));
#4696=CARTESIAN_POINT('',(189.08,-276.647691528761,-11.49));
#4697=CARTESIAN_POINT('',(261.131506381929,-271.60709429506,-11.49));
#4698=CARTESIAN_POINT('',(254.13584240377,-271.60709429506,-11.49));
#4699=CARTESIAN_POINT('',(268.127170360089,-271.60709429506,-11.49));
#4700=CARTESIAN_POINT('',(268.127170360089,-264.602392911911,-11.49));
#4701=CARTESIAN_POINT('',(268.127170360089,-257.597691528762,-11.49));
#4702=CARTESIAN_POINT('',(261.131506381929,-257.597691528762,-11.49));
#4703=CARTESIAN_POINT('',(254.13584240377,-257.597691528762,-11.49));
#4704=CARTESIAN_POINT('',(254.13584240377,-264.602392911911,-11.49));
#4705=CARTESIAN_POINT('',(242.081506381929,-290.65709429506,-11.49));
#4706=CARTESIAN_POINT('',(235.085842403769,-290.65709429506,-11.49));
#4707=CARTESIAN_POINT('',(249.077170360088,-290.65709429506,-11.49));
#4708=CARTESIAN_POINT('',(249.077170360088,-283.652392911911,-11.49));
#4709=CARTESIAN_POINT('',(249.077170360088,-276.647691528761,-11.49));
#4710=CARTESIAN_POINT('',(242.081506381929,-276.647691528761,-11.49));
#4711=CARTESIAN_POINT('',(235.085842403769,-276.647691528761,-11.49));
#4712=CARTESIAN_POINT('',(235.085842403769,-283.652392911911,-11.49));
#4713=CARTESIAN_POINT('',(242.081506381929,-271.60709429506,-11.49));
#4714=CARTESIAN_POINT('',(235.085842403769,-271.60709429506,-11.49));
#4715=CARTESIAN_POINT('',(249.077170360088,-271.60709429506,-11.49));
#4716=CARTESIAN_POINT('',(249.077170360088,-264.602392911911,-11.49));
#4717=CARTESIAN_POINT('',(249.077170360088,-257.597691528762,-11.49));
#4718=CARTESIAN_POINT('',(242.081506381929,-257.597691528762,-11.49));
#4719=CARTESIAN_POINT('',(235.085842403769,-257.597691528762,-11.49));
#4720=CARTESIAN_POINT('',(235.085842403769,-264.602392911911,-11.49));
#4721=CARTESIAN_POINT('',(223.031506381929,-290.65709429506,-11.49));
#4722=CARTESIAN_POINT('',(216.035842403769,-290.65709429506,-11.49));
#4723=CARTESIAN_POINT('',(230.027170360088,-290.65709429506,-11.49));
#4724=CARTESIAN_POINT('',(230.027170360088,-283.652392911911,-11.49));
#4725=CARTESIAN_POINT('',(230.027170360088,-276.647691528761,-11.49));
#4726=CARTESIAN_POINT('',(223.031506381929,-276.647691528761,-11.49));
#4727=CARTESIAN_POINT('',(216.035842403769,-276.647691528761,-11.49));
#4728=CARTESIAN_POINT('',(216.035842403769,-283.652392911911,-11.49));
#4729=CARTESIAN_POINT('',(189.08,-300.46,8.01));
#4730=CARTESIAN_POINT('',(189.08,-300.46,8.01));
#4731=CARTESIAN_POINT('',(189.08,-294.62935508728,-0.474183820188056));
#4732=CARTESIAN_POINT('',(189.08,-294.62935508728,-1.97418382018806));
#4733=CARTESIAN_POINT('',(189.08,-294.62935508728,1.02581617981196));
#4734=CARTESIAN_POINT('',(189.08,-293.12935508728,-1.97418382018806));
#4735=CARTESIAN_POINT('',(189.08,-291.62935508728,-1.97418382018806));
#4736=CARTESIAN_POINT('',(189.08,-291.62935508728,-0.474183820188056));
#4737=CARTESIAN_POINT('',(189.08,-291.62935508728,1.02581617981196));
#4738=CARTESIAN_POINT('',(189.08,-293.12935508728,1.02581617981196));
#4739=CARTESIAN_POINT('',(189.08,-300.46,8.01));
#4740=CARTESIAN_POINT('',(186.08,-331.575838279724,-1.97418382018806));
#4741=CARTESIAN_POINT('',(186.08,-333.075838279724,-1.97418382018806));
#4742=CARTESIAN_POINT('',(186.08,-333.075838279724,-1.97418382018806));
#4743=CARTESIAN_POINT('',(186.08,-331.575838279724,-1.97418382018806));
#4744=CARTESIAN_POINT('',(186.08,-330.075838279724,-1.97418382018806));
#4745=CARTESIAN_POINT('',(186.08,-330.075838279724,-1.97418382018806));
#4746=CARTESIAN_POINT('',(186.08,-330.075838279724,-0.474183820188055));
#4747=CARTESIAN_POINT('',(186.08,-330.075838279724,-0.474183820188055));
#4748=CARTESIAN_POINT('',(186.08,-330.075838279724,1.02581617981195));
#4749=CARTESIAN_POINT('',(186.08,-330.075838279724,1.02581617981195));
#4750=CARTESIAN_POINT('',(186.08,-331.575838279724,1.02581617981195));
#4751=CARTESIAN_POINT('',(186.08,-331.575838279724,1.02581617981195));
#4752=CARTESIAN_POINT('',(186.08,-333.075838279724,1.02581617981195));
#4753=CARTESIAN_POINT('',(186.08,-333.075838279724,1.02581617981195));
#4754=CARTESIAN_POINT('',(186.08,-333.075838279724,-0.474183820188056));
#4755=CARTESIAN_POINT('',(186.08,-333.075838279724,-0.474183820188056));
#4756=CARTESIAN_POINT('',(186.08,-303.150655307769,-0.49));
#4757=CARTESIAN_POINT('',(186.08,-251.756690340042,-1.97418382018806));
#4758=CARTESIAN_POINT('',(186.08,-253.256690340042,-1.97418382018806));
#4759=CARTESIAN_POINT('',(186.08,-253.256690340042,-1.97418382018806));
#4760=CARTESIAN_POINT('',(186.08,-251.756690340042,-1.97418382018806));
#4761=CARTESIAN_POINT('',(186.08,-250.256690340042,-1.97418382018806));
#4762=CARTESIAN_POINT('',(186.08,-250.256690340042,-1.97418382018806));
#4763=CARTESIAN_POINT('',(186.08,-250.256690340042,-0.474183820188056));
#4764=CARTESIAN_POINT('',(186.08,-250.256690340042,-0.474183820188056));
#4765=CARTESIAN_POINT('',(186.08,-250.256690340042,1.02581617981196));
#4766=CARTESIAN_POINT('',(186.08,-250.256690340042,1.02581617981196));
#4767=CARTESIAN_POINT('',(186.08,-251.756690340042,1.02581617981196));
#4768=CARTESIAN_POINT('',(186.08,-251.756690340042,1.02581617981196));
#4769=CARTESIAN_POINT('',(186.08,-253.256690340042,1.02581617981196));
#4770=CARTESIAN_POINT('',(186.08,-253.256690340042,1.02581617981196));
#4771=CARTESIAN_POINT('',(186.08,-253.256690340042,-0.474183820188056));
#4772=CARTESIAN_POINT('',(186.08,-253.256690340042,-0.474183820188056));
#4773=CARTESIAN_POINT('',(186.08,-303.150655307769,-0.49));
#4774=CARTESIAN_POINT('',(192.08,-293.12935508728,-1.97418382018806));
#4775=CARTESIAN_POINT('',(192.08,-294.62935508728,-1.97418382018806));
#4776=CARTESIAN_POINT('',(192.08,-294.62935508728,-1.97418382018806));
#4777=CARTESIAN_POINT('',(192.08,-293.12935508728,-1.97418382018806));
#4778=CARTESIAN_POINT('',(192.08,-291.62935508728,-1.97418382018806));
#4779=CARTESIAN_POINT('',(192.08,-291.62935508728,-1.97418382018806));
#4780=CARTESIAN_POINT('',(192.08,-291.62935508728,-0.474183820188056));
#4781=CARTESIAN_POINT('',(192.08,-291.62935508728,-0.474183820188056));
#4782=CARTESIAN_POINT('',(192.08,-291.62935508728,1.02581617981196));
#4783=CARTESIAN_POINT('',(192.08,-291.62935508728,1.02581617981196));
#4784=CARTESIAN_POINT('',(192.08,-293.12935508728,1.02581617981196));
#4785=CARTESIAN_POINT('',(192.08,-293.12935508728,1.02581617981196));
#4786=CARTESIAN_POINT('',(192.08,-294.62935508728,1.02581617981196));
#4787=CARTESIAN_POINT('',(192.08,-294.62935508728,1.02581617981196));
#4788=CARTESIAN_POINT('',(192.08,-294.62935508728,-0.474183820188056));
#4789=CARTESIAN_POINT('',(192.08,-294.62935508728,-0.474183820188056));
#4790=CARTESIAN_POINT('',(192.08,-303.150655307769,-0.49));
#4791=CARTESIAN_POINT('',(192.08,-350.575838279724,-1.97418382018806));
#4792=CARTESIAN_POINT('',(192.08,-352.075838279724,-1.97418382018806));
#4793=CARTESIAN_POINT('',(192.08,-352.075838279724,-1.97418382018806));
#4794=CARTESIAN_POINT('',(192.08,-350.575838279724,-1.97418382018806));
#4795=CARTESIAN_POINT('',(192.08,-349.075838279724,-1.97418382018806));
#4796=CARTESIAN_POINT('',(192.08,-349.075838279724,-1.97418382018806));
#4797=CARTESIAN_POINT('',(192.08,-349.075838279724,-0.474183820188055));
#4798=CARTESIAN_POINT('',(192.08,-349.075838279724,-0.474183820188055));
#4799=CARTESIAN_POINT('',(192.08,-349.075838279724,1.02581617981194));
#4800=CARTESIAN_POINT('',(192.08,-349.075838279724,1.02581617981194));
#4801=CARTESIAN_POINT('',(192.08,-350.575838279724,1.02581617981194));
#4802=CARTESIAN_POINT('',(192.08,-350.575838279724,1.02581617981194));
#4803=CARTESIAN_POINT('',(192.08,-352.075838279724,1.02581617981194));
#4804=CARTESIAN_POINT('',(192.08,-352.075838279724,1.02581617981194));
#4805=CARTESIAN_POINT('',(192.08,-352.075838279724,-0.474183820188056));
#4806=CARTESIAN_POINT('',(192.08,-352.075838279724,-0.474183820188056));
#4807=CARTESIAN_POINT('',(192.08,-303.150655307769,-0.49));
#4808=MECHANICAL_DESIGN_GEOMETRIC_PRESENTATION_REPRESENTATION('',(#3089),
#4809);
#4809=(
GEOMETRIC_REPRESENTATION_CONTEXT(3)
GLOBAL_UNCERTAINTY_ASSIGNED_CONTEXT((#4810))
GLOBAL_UNIT_ASSIGNED_CONTEXT((#4813,#4812,#4811))
REPRESENTATION_CONTEXT('Part 1','TOP_LEVEL_ASSEMBLY_PART')
);
#4810=UNCERTAINTY_MEASURE_WITH_UNIT(LENGTH_MEASURE(1.E-5),#4813,
'DISTANCE_ACCURACY_VALUE','Maximum Tolerance applied to model');
#4811=(
NAMED_UNIT(*)
SI_UNIT($,.STERADIAN.)
SOLID_ANGLE_UNIT()
);
#4812=(
NAMED_UNIT(*)
PLANE_ANGLE_UNIT()
SI_UNIT($,.RADIAN.)
);
#4813=(
LENGTH_UNIT()
NAMED_UNIT(*)
SI_UNIT(.MILLI.,.METRE.)
);
#4814=PRODUCT_DEFINITION_SHAPE('','',#4815);
#4815=PRODUCT_DEFINITION('','',#4817,#4816);
#4816=PRODUCT_DEFINITION_CONTEXT('',#4823,'design');
#4817=PRODUCT_DEFINITION_FORMATION_WITH_SPECIFIED_SOURCE('','',#4819,
 .NOT_KNOWN.);
#4818=PRODUCT_RELATED_PRODUCT_CATEGORY('','',(#4819));
#4819=PRODUCT('Part 1','Part 1','Part 1',(#4821));
#4820=PRODUCT_CATEGORY('','');
#4821=PRODUCT_CONTEXT('',#4823,'mechanical');
#4822=APPLICATION_PROTOCOL_DEFINITION('international standard',
'ap242_managed_model_based_3d_engineering',2020,#4823);
#4823=APPLICATION_CONTEXT('managed model based 3d engineering');
ENDSEC;
END-ISO-10303-21;
